Gen;Run;BehaNAlung;Repetition;delta_ct
NT5E;1;Control;1;0,2624291709
NT5E;1;Control;2;0,197510328
NT5E;1;Control;3;0,2073298865
NT5E;1;NIM-1;1;0,0476956003
NT5E;1;NIM-1;2;0,054033577
NT5E;1;NIM-1;3;0,0497210302
NT5E;1;7d_NIM-2;1;0,144252344
NT5E;1;7d_NIM-2;2;0,134592196
NT5E;1;7d_NIM-2;3;0,1546058342
NT5E;1;30d_NIM-2;1;0,233797812
NT5E;1;30d_NIM-2;2;0,1938930952
NT5E;1;30d_NIM-2;3;0,202126913
NT5E;1;30d_NIM-2_1d_MAT;1;0,069348092
NT5E;1;30d_NIM-2_1d_MAT;2;0,0669858414
NT5E;1;30d_NIM-2_1d_MAT;3;0,085377516
NT5E;2;Control;1;0,1163599645
NT5E;2;Control;2;0,1452556984
NT5E;2;Control;3;0,107817754
NT5E;2;NIM-1;1;0,0354026214
NT5E;2;NIM-1;2;0,0448111015
NT5E;2;NIM-1;3;0,0441941738
NT5E;2;7d_NIM-2;1;0,134592196
NT5E;2;7d_NIM-2;2;0,1229945817
NT5E;2;7d_NIM-2;3;0,0999026437
NT5E;2;30d_NIM-2;1;0,1111053351
NT5E;2;30d_NIM-2;2;0,1022377573
NT5E;2;30d_NIM-2;3;0,1142289313
NT5E;2;30d_NIM-2_1d_MAT;1;0,0645547322
NT5E;2;30d_NIM-2_1d_MAT;2;0,067296098
NT5E;2;30d_NIM-2_1d_MAT;3;0,0706418368
NT5E;3;Control;1;0,1131780952
NT5E;3;Control;2;0,1229945817
NT5E;3;Control;3;0,1213012789
NT5E;3;NIM-1;1;0,0405730809
NT5E;3;NIM-1;2;0,0363139246
NT5E;3;NIM-1;3;0,0363139246
NT5E;3;7d_NIM-2;1;0,1330462728
NT5E;3;7d_NIM-2;2;0,1582195742
NT5E;3;7d_NIM-2;3;0,1416104857
NT5E;3;30d_NIM-2;1;0,1349035296
NT5E;3;30d_NIM-2;2;0,1349035296
NT5E;3;30d_NIM-2;3;0,1285142283
NT5E;3;30d_NIM-2_1d_MAT;1;0,0508832042
NT5E;3;30d_NIM-2_1d_MAT;2;0,0530439982
NT5E;3;30d_NIM-2_1d_MAT;3;0,0526775965
NT5E;4;Control;1;0,2952481654
NT5E;4;Control;2;0,3685673043
NT5E;4;Control;3;0,3415100642
NT5E;4;NIM-1;1;0,0363139246
NT5E;4;NIM-1;2;0,0485854003
NT5E;4;NIM-1;3;0,0383844734
NT5E;4;7d_NIM-2;1;0,0733021843
NT5E;4;7d_NIM-2;2;0,0579117539
NT5E;4;7d_NIM-2;3;0,061639544
NT5E;4;30d_NIM-2;1;0,1288115025
NT5E;4;30d_NIM-2;2;0,1306096441
NT5E;4;30d_NIM-2;3;0,1144931613
NT5E;4;30d_NIM-2_1d_MAT;1;0,0402928221
NT5E;4;30d_NIM-2_1d_MAT;2;0,036063086
NT5E;4;30d_NIM-2_1d_MAT;3;0,0459645895
THY1;1;Control;1;0,3763116869
THY1;1;Control;2;0,3391510819
THY1;1;Control;3;0,3486859166
THY1;1;NIM-1;1;0,2116863281
THY1;1;NIM-1;2;0,179244406
THY1;1;NIM-1;3;0,1842836522
THY1;1;7d_NIM-2;1;0,033415625
THY1;1;7d_NIM-2;2;0,035076939
THY1;1;7d_NIM-2;3;0,0301158474
THY1;1;30d_NIM-2;1;0,0033383093
THY1;1;30d_NIM-2;2;0,002866157
THY1;1;30d_NIM-2;3;0,003158233
THY1;1;30d_NIM-2_1d_MAT;1;0,0028794321
THY1;1;30d_NIM-2_1d_MAT;2;0,0025416833
THY1;1;30d_NIM-2_1d_MAT;3;0,0030225879
THY1;2;Control;1;0,380684218
THY1;2;Control;2;0,3913867081
THY1;2;Control;3;0,5973575676
THY1;2;NIM-1;1;0,1118781339
THY1;2;NIM-1;2;0,138696184
THY1;2;NIM-1;3;0,1466043687
THY1;2;7d_NIM-2;1;0,0234652016
THY1;2;7d_NIM-2;2;0,0229822948
THY1;2;7d_NIM-2;3;0,0176604592
THY1;2;30d_NIM-2;1;0,0019941643
THY1;2;30d_NIM-2;2;0,0018735627
THY1;2;30d_NIM-2;3;0,0015008547
THY1;2;30d_NIM-2_1d_MAT;1;0,0021323599
THY1;2;30d_NIM-2_1d_MAT;2;0,0015609788
THY1;2;30d_NIM-2_1d_MAT;3;0,0019621712
THY1;3;Control;1;0,4464797555
THY1;3;Control;2;0,4080072425
THY1;3;Control;3;0,465439858
THY1;3;NIM-1;1;0,1229945817
THY1;3;NIM-1;2;0,1196312884
THY1;3;NIM-1;3;0,0773029171
THY1;3;7d_NIM-2;1;0,0206173111
THY1;3;7d_NIM-2;2;0,0200535296
THY1;3;7d_NIM-2;3;0,0188407473
THY1;3;30d_NIM-2;1;0,0018997167
THY1;3;30d_NIM-2;2;0,0018097423
THY1;3;30d_NIM-2;3;0,0016768856
THY1;3;30d_NIM-2_1d_MAT;1;0,0013557749
THY1;3;30d_NIM-2_1d_MAT;2;0,00118848
THY1;3;30d_NIM-2_1d_MAT;3;0,0012915626
THY1;4;Control;1;0,5105060629
THY1;4;Control;2;0,4233726562
THY1;4;Control;3;0,5140569133
THY1;4;NIM-1;1;0,1163599645
THY1;4;NIM-1;2;0,134592196
THY1;4;NIM-1;3;0,1452556984
THY1;4;7d_NIM-2;1;0,0134150849
THY1;4;7d_NIM-2;2;0,0139847667
THY1;4;7d_NIM-2;3;0,0138881669
THY1;4;30d_NIM-2;1;0,0020836567
THY1;4;30d_NIM-2;2;0,0025299653
THY1;4;30d_NIM-2;3;0,0016461749
THY1;4;30d_NIM-2_1d_MAT;1;0,0015078061
THY1;4;30d_NIM-2_1d_MAT;2;0,0016048639
THY1;4;30d_NIM-2_1d_MAT;3;0,0017081693
ALCAM;1;Control;1;0,2660925456
ALCAM;1;Control;2;0,2268797888
ALCAM;1;Control;3;0,2660925456
ALCAM;1;NIM-1;1;0,1051120519
ALCAM;1;NIM-1;2;0,1626677319
ALCAM;1;NIM-1;3;0,1358418578
ALCAM;1;7d_NIM-2;1;0,0114911474
ALCAM;1;7d_NIM-2;2;0,0117326008
ALCAM;1;7d_NIM-2;3;0,0114911474
ALCAM;1;30d_NIM-2;1;0,0065846996
ALCAM;1;30d_NIM-2;2;0,006912069
ALCAM;1;30d_NIM-2;3;0,0075115863
ALCAM;1;30d_NIM-2_1d_MAT;1;0,0034480586
ALCAM;1;30d_NIM-2_1d_MAT;2;0,0034242411
ALCAM;1;30d_NIM-2_1d_MAT;3;0,0034242411
ALCAM;2;Control;1;0,2925320633
ALCAM;2;Control;2;0,2748405283
ALCAM;2;Control;3;0,17273911
ALCAM;2;NIM-1;1;0,1022377573
ALCAM;2;NIM-1;2;0,1051120519
ALCAM;2;NIM-1;3;0,1134398944
ALCAM;2;7d_NIM-2;1;0,0079032769
ALCAM;2;7d_NIM-2;2;0,0082962016
ALCAM;2;7d_NIM-2;3;0,0071228319
ALCAM;2;30d_NIM-2;1;0,0032847516
ALCAM;2;30d_NIM-2;2;0,0042450581
ALCAM;2;30d_NIM-2;3;0,00390625
ALCAM;2;30d_NIM-2_1d_MAT;1;0,0037384778
ALCAM;2;30d_NIM-2_1d_MAT;2;0,0030365875
ALCAM;2;30d_NIM-2_1d_MAT;3;0,0034881231
ALCAM;3;Control;1;0,2171353716
ALCAM;3;Control;2;0,2600149835
ALCAM;3;Control;3;0,2201664684
ALCAM;3;NIM-1;1;0,097846677
ALCAM;3;NIM-1;2;0,1055988967
ALCAM;3;NIM-1;3;0,0869703028
ALCAM;3;7d_NIM-2;1;0,0110485435
ALCAM;3;7d_NIM-2;2;0,0106721895
ALCAM;3;7d_NIM-2;3;0,0105984713
ALCAM;3;30d_NIM-2;1;0,0037212422
ALCAM;3;30d_NIM-2;2;0,0043043169
ALCAM;3;30d_NIM-2;3;0,0042157353
ALCAM;3;30d_NIM-2_1d_MAT;1;0,0025652823
ALCAM;3;30d_NIM-2_1d_MAT;2;0,002426905
ALCAM;3;30d_NIM-2_1d_MAT;3;0,0028071723
ALCAM;4;Control;1;0,2381594995
ALCAM;4;Control;2;0,2073298865
ALCAM;4;Control;3;0,2365144117
ALCAM;4;NIM-1;1;0,1171693121
ALCAM;4;NIM-1;2;0,1116199389
ALCAM;4;NIM-1;3;0,1171693121
ALCAM;4;7d_NIM-2;1;0,0047429488
ALCAM;4;7d_NIM-2;2;0,0050833666
ALCAM;4;7d_NIM-2;3;0,005190179
ALCAM;4;30d_NIM-2;1;0,0041962994
ALCAM;4;30d_NIM-2;2;0,0049902691
ALCAM;4;30d_NIM-2;3;0,0045287648
ALCAM;4;30d_NIM-2_1d_MAT;1;0,0029535519
ALCAM;4;30d_NIM-2_1d_MAT;2;0,002625243
ALCAM;4;30d_NIM-2_1d_MAT;3;0,0029947819
MYT1L;1;Control;1;0,000000028
MYT1L;1;Control;2;2,84E-007
MYT1L;1;Control;3;NA
MYT1L;1;NIM-1;1;4,77E-007
MYT1L;1;NIM-1;2;NA
MYT1L;1;NIM-1;3;0,000000077
MYT1L;1;7d_NIM-2;1;NA
MYT1L;1;7d_NIM-2;2;NA
MYT1L;1;7d_NIM-2;3;NA
MYT1L;1;30d_NIM-2;1;1,11E-006
MYT1L;1;30d_NIM-2;2;NA
MYT1L;1;30d_NIM-2;3;1,82E-007
MYT1L;1;30d_NIM-2_1d_MAT;1;2,49E-008
MYT1L;1;30d_NIM-2_1d_MAT;2;4,21E-008
MYT1L;1;30d_NIM-2_1d_MAT;3;4,68E-008
MYT1L;2;Control;1;2,81E-006
MYT1L;2;Control;2;1,77E-007
MYT1L;2;Control;3;1,06E-006
MYT1L;2;NIM-1;1;4,55E-008
MYT1L;2;NIM-1;2;3,35E-007
MYT1L;2;NIM-1;3;3,95E-007
MYT1L;2;7d_NIM-2;1;1,73E-007
MYT1L;2;7d_NIM-2;2;2,28E-008
MYT1L;2;7d_NIM-2;3;7,17E-008
MYT1L;2;30d_NIM-2;1;NA
MYT1L;2;30d_NIM-2;2;4,13E-008
MYT1L;2;30d_NIM-2;3;4,87E-007
MYT1L;2;30d_NIM-2_1d_MAT;1;3,59E-008
MYT1L;2;30d_NIM-2_1d_MAT;2;0,000000049
MYT1L;2;30d_NIM-2_1d_MAT;3;1,59E-008
MYT1L;3;Control;1;1,30E-006
MYT1L;3;Control;2;NA
MYT1L;3;Control;3;2,57E-007
MYT1L;3;NIM-1;1;NA
MYT1L;3;NIM-1;2;1,37E-006
MYT1L;3;NIM-1;3;1,49E-008
MYT1L;3;7d_NIM-2;1;NA
MYT1L;3;7d_NIM-2;2;0,000003584
MYT1L;3;7d_NIM-2;3;NA
MYT1L;3;30d_NIM-2;1;NA
MYT1L;3;30d_NIM-2;2;NA
MYT1L;3;30d_NIM-2;3;8,37E-008
MYT1L;3;30d_NIM-2_1d_MAT;1;NA
MYT1L;3;30d_NIM-2_1d_MAT;2;NA
MYT1L;3;30d_NIM-2_1d_MAT;3;7,61E-008
MYT1L;4;Control;1;3,93E-008
MYT1L;4;Control;2;NA
MYT1L;4;Control;3;9,35E-008
MYT1L;4;NIM-1;1;4,82E-007
MYT1L;4;NIM-1;2;2,03E-007
MYT1L;4;NIM-1;3;NA
MYT1L;4;7d_NIM-2;1;1,55E-006
MYT1L;4;7d_NIM-2;2;NA
MYT1L;4;7d_NIM-2;3;1,18E-008
MYT1L;4;30d_NIM-2;1;1,67E-008
MYT1L;4;30d_NIM-2;2;NA
MYT1L;4;30d_NIM-2;3;NA
MYT1L;4;30d_NIM-2_1d_MAT;1;NA
MYT1L;4;30d_NIM-2_1d_MAT;2;5,91E-008
MYT1L;4;30d_NIM-2_1d_MAT;3;NA
NES;5;Control;1;0,0167851976
NES;5;Control;2;0,0171378903
NES;5;Control;3;0,0156611432
NES;5;NIM-1;1;0,0182410594
NES;5;NIM-1;2;0,0155529637
NES;5;NIM-1;3;0,0206650023
NES;5;7d_NIM-2;1;0,0004716486
NES;5;7d_NIM-2;2;0,0004985411
NES;5;7d_NIM-2;3;0,0004310073
NES;5;30d_NIM-2;1;0,0008600253
NES;5;30d_NIM-2;2;0,0007697442
NES;5;30d_NIM-2;3;0,0007591469
NES;5;30d_NIM-2_1d_MAT;1;0,0015754722
NES;5;30d_NIM-2_1d_MAT;2;0,0015218058
NES;5;30d_NIM-2_1d_MAT;3;0,0016885493
NES;6;Control;1;0,0193704328
NES;6;Control;2;0,0222507843
NES;6;Control;3;0,0179484118
NES;6;NIM-1;1;0,0123159068
NES;6;NIM-1;2;0,0125746902
NES;6;NIM-1;3;0,0132916744
NES;6;7d_NIM-2;1;0,0007066744
NES;6;7d_NIM-2;2;0,0007115897
NES;6;7d_NIM-2;3;0,0006778874
NES;6;30d_NIM-2;1;0,0007521632
NES;6;30d_NIM-2;2;0,0007418079
NES;6;30d_NIM-2;3;0,0008230874
NES;6;30d_NIM-2_1d_MAT;1;0,0022024627
NES;6;30d_NIM-2_1d_MAT;2;0,002295992
NES;6;30d_NIM-2_1d_MAT;3;0,0026557468
NES;7;Control;1;0,0218938073
NES;7;Control;2;0,0220460907
NES;7;Control;3;0,0221994334
NES;7;NIM-1;1;0,0099345247
NES;7;NIM-1;2;0,0092692393
NES;7;NIM-1;3;0,0109469036
NES;7;7d_NIM-2;1;0,0004431246
NES;7;7d_NIM-2;2;0,0004619422
NES;7;7d_NIM-2;3;0,0005570135
NES;7;30d_NIM-2;1;0,0004916775
NES;7;30d_NIM-2;2;0,0004619422
NES;7;30d_NIM-2;3;0,000553166
NES;7;30d_NIM-2_1d_MAT;1;0,0012078581
NES;7;30d_NIM-2_1d_MAT;2;0,0015182938
NES;7;30d_NIM-2_1d_MAT;3;0,0015288543
NES;8;Control;1;0,0337258824
NES;8;Control;2;0,0351580776
NES;8;Control;3;0,0337258824
NES;8;NIM-1;1;0,010284865
NES;8;NIM-1;2;0,0104284364
NES;8;NIM-1;3;0,0125746902
NES;8;7d_NIM-2;1;0,0002527502
NES;8;7d_NIM-2;2;0,0002391163
NES;8;7d_NIM-2;3;0,0001787214
NES;8;30d_NIM-2;1;0,0006025353
NES;8;30d_NIM-2;2;0,0004727396
NES;8;30d_NIM-2;3;0,0006109464
NES;8;30d_NIM-2_1d_MAT;1;0,0012945502
NES;8;30d_NIM-2_1d_MAT;2;0,001166714
NES;8;30d_NIM-2_1d_MAT;3;0,0012945502
SOX2;5;Control;1;0,000001419
SOX2;5;Control;2;NA
SOX2;5;Control;3;4,48E-006
SOX2;5;NIM-1;1;NA
SOX2;5;NIM-1;2;2,86E-006
SOX2;5;NIM-1;3;2,59E-006
SOX2;5;7d_NIM-2;1;0,00000078
SOX2;5;7d_NIM-2;2;1,18E-006
SOX2;5;7d_NIM-2;3;NA
SOX2;5;30d_NIM-2;1;2,00E-006
SOX2;5;30d_NIM-2;2;2,13E-006
SOX2;5;30d_NIM-2;3;2,62E-006
SOX2;5;30d_NIM-2_1d_MAT;1;3,14E-006
SOX2;5;30d_NIM-2_1d_MAT;2;1,38E-005
SOX2;5;30d_NIM-2_1d_MAT;3;0,000012394
SOX2;6;Control;1;0,000014739
SOX2;6;Control;2;NA
SOX2;6;Control;3;NA
SOX2;6;NIM-1;1;0,000002392
SOX2;6;NIM-1;2;NA
SOX2;6;NIM-1;3;8,47E-008
SOX2;6;7d_NIM-2;1;4,04E-006
SOX2;6;7d_NIM-2;2;2,44E-006
SOX2;6;7d_NIM-2;3;4,71E-006
SOX2;6;30d_NIM-2;1;1,00E-006
SOX2;6;30d_NIM-2;2;3,04E-006
SOX2;6;30d_NIM-2;3;1,99E-006
SOX2;6;30d_NIM-2_1d_MAT;1;1,28E-005
SOX2;6;30d_NIM-2_1d_MAT;2;5,01E-006
SOX2;6;30d_NIM-2_1d_MAT;3;4,58E-006
SOX2;7;Control;1;NA
SOX2;7;Control;2;5,16E-006
SOX2;7;Control;3;NA
SOX2;7;NIM-1;1;0,000001715
SOX2;7;NIM-1;2;NA
SOX2;7;NIM-1;3;NA
SOX2;7;7d_NIM-2;1;9,29E-008
SOX2;7;7d_NIM-2;2;2,97E-005
SOX2;7;7d_NIM-2;3;NA
SOX2;7;30d_NIM-2;1;2,02E-007
SOX2;7;30d_NIM-2;2;3,51E-006
SOX2;7;30d_NIM-2;3;1,23E-006
SOX2;7;30d_NIM-2_1d_MAT;1;3,75E-006
SOX2;7;30d_NIM-2_1d_MAT;2;8,11E-007
SOX2;7;30d_NIM-2_1d_MAT;3;4,16E-006
SOX2;8;Control;1;5,99E-006
SOX2;8;Control;2;4,80E-006
SOX2;8;Control;3;1,06E-005
SOX2;8;NIM-1;1;0,000002263
SOX2;8;NIM-1;2;1,67E-006
SOX2;8;NIM-1;3;0,000001727
SOX2;8;7d_NIM-2;1;4,20E-006
SOX2;8;7d_NIM-2;2;8,97E-008
SOX2;8;7d_NIM-2;3;NA
SOX2;8;30d_NIM-2;1;6,09E-007
SOX2;8;30d_NIM-2;2;5,64E-006
SOX2;8;30d_NIM-2;3;1,52E-006
SOX2;8;30d_NIM-2_1d_MAT;1;4,56E-006
SOX2;8;30d_NIM-2_1d_MAT;2;5,24E-006
SOX2;8;30d_NIM-2_1d_MAT;3;3,50E-006
TUBB3;5;Control;1;0,098299871
TUBB3;5;Control;2;0,0798443058
TUBB3;5;Control;3;0,0765917777
TUBB3;5;NIM-1;1;0,068078041
TUBB3;5;NIM-1;2;0,0714626554
TUBB3;5;NIM-1;3;0,0709690268
TUBB3;5;7d_NIM-2;1;0,2431637369
TUBB3;5;7d_NIM-2;2;0,2932087373
TUBB3;5;7d_NIM-2;3;0,2517388875
TUBB3;5;30d_NIM-2;1;0,0811461618
TUBB3;5;30d_NIM-2;2;0,0800289986
TUBB3;5;30d_NIM-2;3;0,0894153708
TUBB3;5;30d_NIM-2_1d_MAT;1;0,081333866
TUBB3;5;30d_NIM-2_1d_MAT;2;0,0877778047
TUBB3;5;30d_NIM-2_1d_MAT;3;0,091505356
TUBB3;6;Control;1;0,0733021843
TUBB3;6;Control;2;0,0738120413
TUBB3;6;Control;3;0,0738120413
TUBB3;6;NIM-1;1;0,0589921445
TUBB3;6;NIM-1;2;0,0606506395
TUBB3;6;NIM-1;3;0,0663696127
TUBB3;6;7d_NIM-2;1;0,3106438361
TUBB3;6;7d_NIM-2;2;0,2761135002
TUBB3;6;7d_NIM-2;3;0,2258338002
TUBB3;6;30d_NIM-2;1;0,143919435
TUBB3;6;30d_NIM-2;2;0,1469434883
TUBB3;6;30d_NIM-2;3;0,1653200183
TUBB3;6;30d_NIM-2_1d_MAT;1;0,0671407905
TUBB3;6;30d_NIM-2_1d_MAT;2;0,054535268
TUBB3;6;30d_NIM-2_1d_MAT;3;0,065759053
TUBB3;7;Control;1;0,0912941778
TUBB3;7;Control;2;0,0887977337
TUBB3;7;Control;3;0,1027112893
TUBB3;7;NIM-1;1;0,053908877
TUBB3;7;NIM-1;2;0,062355761
TUBB3;7;NIM-1;3;0,0726278492
TUBB3;7;7d_NIM-2;1;0,2116863281
TUBB3;7;7d_NIM-2;2;0,1947911449
TUBB3;7;7d_NIM-2;3;0,1907824011
TUBB3;7;30d_NIM-2;1;0,1303082201
TUBB3;7;30d_NIM-2;2;0,1538930517
TUBB3;7;30d_NIM-2;3;0,1549634625
TUBB3;7;30d_NIM-2_1d_MAT;1;0,0506486163
TUBB3;7;30d_NIM-2_1d_MAT;2;0,0546614169
TUBB3;7;30d_NIM-2_1d_MAT;3;0,0641088201
TUBB3;8;Control;1;0,1416104857
TUBB3;8;Control;2;0,1582195742
TUBB3;8;Control;3;0,1158235077
TUBB3;8;NIM-1;1;0,067296098
TUBB3;8;NIM-1;2;0,0654558827
TUBB3;8;NIM-1;3;0,0736416962
TUBB3;8;7d_NIM-2;1;0,1476240827
TUBB3;8;7d_NIM-2;2;0,1804911494
TUBB3;8;7d_NIM-2;3;0,1560413186
TUBB3;8;30d_NIM-2;1;0,1859946892
TUBB3;8;30d_NIM-2;2;0,1938930952
TUBB3;8;30d_NIM-2;3;0,2321828525
TUBB3;8;30d_NIM-2_1d_MAT;1;0,0420038875
TUBB3;8;30d_NIM-2_1d_MAT;2;0,0550416171
TUBB3;8;30d_NIM-2_1d_MAT;3;0,0558099694
MAP2;5;Control;1;0,0013557749
MAP2;5;Control;2;0,0014330785
MAP2;5;Control;3;0,0012134525
MAP2;5;NIM-1;1;0,0076694207
MAP2;5;NIM-1;2;0,0080507189
MAP2;5;NIM-1;3;0,0082770554
MAP2;5;7d_NIM-2;1;0,0010760792
MAP2;5;7d_NIM-2;2;0,000911165
MAP2;5;7d_NIM-2;3;0,0009970822
MAP2;5;30d_NIM-2;1;0,0003902447
MAP2;5;30d_NIM-2;2;0,0003420907
MAP2;5;30d_NIM-2;3;0,0005185126
MAP2;5;30d_NIM-2_1d_MAT;1;4,41E-005
MAP2;5;30d_NIM-2_1d_MAT;2;4,66E-005
MAP2;5;30d_NIM-2_1d_MAT;3;5,58E-005
MAP2;6;Control;1;0,0024893762
MAP2;6;Control;2;0,0025950895
MAP2;6;Control;3;0,0026313156
MAP2;6;NIM-1;1;0,0056273315
MAP2;6;NIM-1;2;0,006073175
MAP2;6;NIM-1;3;0,0048650376
MAP2;6;7d_NIM-2;1;0,0007573949
MAP2;6;7d_NIM-2;2;0,0007115897
MAP2;6;7d_NIM-2;3;0,0008288125
MAP2;6;30d_NIM-2;1;0,0002568713
MAP2;6;30d_NIM-2;2;0,0002236195
MAP2;6;30d_NIM-2;3;0,0003075979
MAP2;6;30d_NIM-2_1d_MAT;1;0,000051443
MAP2;6;30d_NIM-2_1d_MAT;2;5,48E-005
MAP2;6;30d_NIM-2_1d_MAT;3;0,000047998
MAP2;7;Control;1;0,0027942303
MAP2;7;Control;2;0,003277171
MAP2;7;Control;3;0,0031003927
MAP2;7;NIM-1;1;0,007222263
MAP2;7;NIM-1;2;0,006331077
MAP2;7;NIM-1;3;0,0053608098
MAP2;7;7d_NIM-2;1;0,0008560603
MAP2;7;7d_NIM-2;2;0,0009432972
MAP2;7;7d_NIM-2;3;0,0009765625
MAP2;7;30d_NIM-2;1;0,0002785068
MAP2;7;30d_NIM-2;2;0,0002964343
MAP2;7;30d_NIM-2;3;0,0003199203
MAP2;7;30d_NIM-2_1d_MAT;1;4,95E-005
MAP2;7;30d_NIM-2_1d_MAT;2;0,000048109
MAP2;7;30d_NIM-2_1d_MAT;3;6,90E-005
MAP2;8;Control;1;0,000690534
MAP2;8;Control;2;0,0006398405
MAP2;8;Control;3;0,000740096
MAP2;8;NIM-1;1;0,009205212
MAP2;8;NIM-1;2;0,0075289619
MAP2;8;NIM-1;3;0,0084705224
MAP2;8;7d_NIM-2;1;0,0010110009
MAP2;8;7d_NIM-2;2;0,0009367814
MAP2;8;7d_NIM-2;3;0,0012275521
MAP2;8;30d_NIM-2;1;0,0003436752
MAP2;8;30d_NIM-2;2;0,0003632709
MAP2;8;30d_NIM-2;3;0,0003866547
MAP2;8;30d_NIM-2_1d_MAT;1;4,43E-005
MAP2;8;30d_NIM-2_1d_MAT;2;6,71E-005
MAP2;8;30d_NIM-2_1d_MAT;3;8,98E-005
GJB2;9;Control;1;1,90E-005
GJB2;9;Control;2;2,35E-005
GJB2;9;Control;3;6,89E-006
GJB2;9;NIM-1;1;4,86E-005
GJB2;9;NIM-1;2;6,54E-005
GJB2;9;NIM-1;3;0,000049576
GJB2;9;7d_NIM-2;1;0,0003319684
GJB2;9;7d_NIM-2;2;0,00040029
GJB2;9;7d_NIM-2;3;0,00040029
GJB2;9;30d_NIM-2;1;0,0001659842
GJB2;9;30d_NIM-2;2;0,0001603301
GJB2;9;30d_NIM-2;3;0,0002015371
GJB2;9;30d_NIM-2_1d_MAT;1;0,0006368907
GJB2;9;30d_NIM-2_1d_MAT;2;0,0005392842
GJB2;9;30d_NIM-2_1d_MAT;3;0,0005700331
GJB2;10;Control;1;9,70E-006
GJB2;10;Control;2;1,59E-005
GJB2;10;Control;3;0,000020368
GJB2;10;NIM-1;1;3,20E-005
GJB2;10;NIM-1;2;0,000016544
GJB2;10;NIM-1;3;2,07E-005
GJB2;10;7d_NIM-2;1;0,000200145
GJB2;10;7d_NIM-2;2;0,0001444976
GJB2;10;7d_NIM-2;3;0,0002086443
GJB2;10;30d_NIM-2;1;0,0002336549
GJB2;10;30d_NIM-2;2;0,0002937073
GJB2;10;30d_NIM-2;3;0,0002241367
GJB2;10;30d_NIM-2_1d_MAT;1;0,0003574428
GJB2;10;30d_NIM-2_1d_MAT;2;0,000342882
GJB2;10;30d_NIM-2_1d_MAT;3;0,000393868
GJB2;11;Control;1;3,12E-005
GJB2;11;Control;2;1,01E-005
GJB2;11;Control;3;0,000019048
GJB2;11;NIM-1;1;1,64E-005
GJB2;11;NIM-1;2;0,000023999
GJB2;11;NIM-1;3;1,57E-005
GJB2;11;7d_NIM-2;1;0,0001179121
GJB2;11;7d_NIM-2;2;0,0001373362
GJB2;11;7d_NIM-2;3;9,58E-005
GJB2;11;30d_NIM-2;1;0,0001577579
GJB2;11;30d_NIM-2;2;0,0001996831
GJB2;11;30d_NIM-2;3;0,0002125368
GJB2;11;30d_NIM-2_1d_MAT;1;0,0002533349
GJB2;11;30d_NIM-2_1d_MAT;2;0,0002331156
GJB2;11;30d_NIM-2_1d_MAT;3;0,0002810926
GJB2;12;Control;1;5,45E-005
GJB2;12;Control;2;0,0001260835
GJB2;12;Control;3;9,82E-005
GJB2;12;NIM-1;1;2,72E-005
GJB2;12;NIM-1;2;0,00001857
GJB2;12;NIM-1;3;1,16E-005
GJB2;12;7d_NIM-2;1;0,0001095087
GJB2;12;7d_NIM-2;2;0,0001223527
GJB2;12;7d_NIM-2;3;7,48E-005
GJB2;12;30d_NIM-2;1;0,0002634835
GJB2;12;30d_NIM-2;2;0,0002616634
GJB2;12;30d_NIM-2;3;0,0002309711
GJB2;12;30d_NIM-2_1d_MAT;1;0,0002175046
GJB2;12;30d_NIM-2_1d_MAT;2;0,000279151
GJB2;12;30d_NIM-2_1d_MAT;3;0,0002604571
GJD2;9;Control;1;0,000000064
GJD2;9;Control;2;NA
GJD2;9;Control;3;NA
GJD2;9;NIM-1;1;NA
GJD2;9;NIM-1;2;0,000000224
GJD2;9;NIM-1;3;NA
GJD2;9;7d_NIM-2;1;NA
GJD2;9;7d_NIM-2;2;2,34E-007
GJD2;9;7d_NIM-2;3;0,000000015
GJD2;9;30d_NIM-2;1;6,90E-007
GJD2;9;30d_NIM-2;2;4,38E-009
GJD2;9;30d_NIM-2;3;6,31E-007
GJD2;9;30d_NIM-2_1d_MAT;1;NA
GJD2;9;30d_NIM-2_1d_MAT;2;1,24E-007
GJD2;9;30d_NIM-2_1d_MAT;3;NA
GJD2;10;Control;1;NA
GJD2;10;Control;2;2,04E-007
GJD2;10;Control;3;NA
GJD2;10;NIM-1;1;7,02E-008
GJD2;10;NIM-1;2;0,000000062
GJD2;10;NIM-1;3;0,000001273
GJD2;10;7d_NIM-2;1;0,000000037
GJD2;10;7d_NIM-2;2;0,000000014
GJD2;10;7d_NIM-2;3;0,000000052
GJD2;10;30d_NIM-2;1;5,54E-007
GJD2;10;30d_NIM-2;2;NA
GJD2;10;30d_NIM-2;3;0,000000048
GJD2;10;30d_NIM-2_1d_MAT;1;8,85E-008
GJD2;10;30d_NIM-2_1d_MAT;2;2,70E-007
GJD2;10;30d_NIM-2_1d_MAT;3;0,000000571
GJD2;11;Control;1;6,21E-007
GJD2;11;Control;2;9,16E-008
GJD2;11;Control;3;NA
GJD2;11;NIM-1;1;NA
GJD2;11;NIM-1;2;9,11E-007
GJD2;11;NIM-1;3;7,16E-009
GJD2;11;7d_NIM-2;1;NA
GJD2;11;7d_NIM-2;2;NA
GJD2;11;7d_NIM-2;3;0,000003584
GJD2;11;30d_NIM-2;1;7,76E-008
GJD2;11;30d_NIM-2;2;4,64E-007
GJD2;11;30d_NIM-2;3;1,69E-007
GJD2;11;30d_NIM-2_1d_MAT;1;1,78E-008
GJD2;11;30d_NIM-2_1d_MAT;2;NA
GJD2;11;30d_NIM-2_1d_MAT;3;7,62E-009
GJD2;12;Control;1;5,02E-006
GJD2;12;Control;2;2,42E-008
GJD2;12;Control;3;3,68E-007
GJD2;12;NIM-1;1;NA
GJD2;12;NIM-1;2;NA
GJD2;12;NIM-1;3;NA
GJD2;12;7d_NIM-2;1;3,78E-008
GJD2;12;7d_NIM-2;2;1,40E-007
GJD2;12;7d_NIM-2;3;1,91E-006
GJD2;12;30d_NIM-2;1;NA
GJD2;12;30d_NIM-2;2;NA
GJD2;12;30d_NIM-2;3;NA
GJD2;12;30d_NIM-2_1d_MAT;1;3,78E-008
GJD2;12;30d_NIM-2_1d_MAT;2;NA
GJD2;12;30d_NIM-2_1d_MAT;3;1,32E-007
GJA4;9;Control;1;0,0005031699
GJA4;9;Control;2;0,0004115437
GJA4;9;Control;3;0,000517316
GJA4;9;NIM-1;1;0,0005647892
GJA4;9;NIM-1;2;0,0005928686
GJA4;9;NIM-1;3;0,0005608879
GJA4;9;7d_NIM-2;1;0,0002696421
GJA4;9;7d_NIM-2;2;0,0002380139
GJA4;9;7d_NIM-2;3;0,0002331156
GJA4;9;30d_NIM-2;1;8,77E-005
GJA4;9;30d_NIM-2;2;0,0001036016
GJA4;9;30d_NIM-2;3;0,0001043222
GJA4;9;30d_NIM-2_1d_MAT;1;0,0001405463
GJA4;9;30d_NIM-2_1d_MAT;2;0,0001338898
GJA4;9;30d_NIM-2_1d_MAT;3;0,0001357588
GJA4;10;Control;1;0,0004973905
GJA4;10;Control;2;0,0005518894
GJA4;10;Control;3;0,0004482734
GJA4;10;NIM-1;1;0,0004738331
GJA4;10;NIM-1;2;0,0004973905
GJA4;10;NIM-1;3;0,0005078418
GJA4;10;7d_NIM-2;1;0,0003097374
GJA4;10;7d_NIM-2;2;0,0003097374
GJA4;10;7d_NIM-2;3;0,0002481213
GJA4;10;30d_NIM-2;1;0,0001698639
GJA4;10;30d_NIM-2;2;0,0001128479
GJA4;10;30d_NIM-2;3;0,000160701
GJA4;10;30d_NIM-2_1d_MAT;1;0,000259856
GJA4;10;30d_NIM-2_1d_MAT;2;0,0002903338
GJA4;10;30d_NIM-2_1d_MAT;3;0,0002125368
GJA4;11;Control;1;0,0004221373
GJA4;11;Control;2;0,0004077578
GJA4;11;Control;3;0,0003966076
GJA4;11;NIM-1;1;0,0005860589
GJA4;11;NIM-1;2;0,0005066698
GJA4;11;NIM-1;3;0,0003920522
GJA4;11;7d_NIM-2;1;0,0001588552
GJA4;11;7d_NIM-2;2;0,0001077518
GJA4;11;7d_NIM-2;3;0,0001146878
GJA4;11;30d_NIM-2;1;0,0001077518
GJA4;11;30d_NIM-2;2;0,0001012353
GJA4;11;30d_NIM-2;3;0,0001326581
GJA4;11;30d_NIM-2_1d_MAT;1;9,67E-005
GJA4;11;30d_NIM-2_1d_MAT;2;0,0001087523
GJA4;11;30d_NIM-2_1d_MAT;3;0,000097336
GJA4;12;Control;1;0,0006794555
GJA4;12;Control;2;0,0003875491
GJA4;12;Control;3;0,0006383639
GJA4;12;NIM-1;1;0,0005983733
GJA4;12;NIM-1;2;0,0006067262
GJA4;12;NIM-1;3;0,0006194749
GJA4;12;7d_NIM-2;1;0,0001671387
GJA4;12;7d_NIM-2;2;0,0002057719
GJA4;12;7d_NIM-2;3;0,0001475338
GJA4;12;30d_NIM-2;1;0,0001203897
GJA4;12;30d_NIM-2;2;0,0001237744
GJA4;12;30d_NIM-2;3;0,0001373362
GJA4;12;30d_NIM-2_1d_MAT;1;0,000184171
GJA4;12;30d_NIM-2_1d_MAT;2;0,0001527366
GJA4;12;30d_NIM-2_1d_MAT;3;0,0001072551
GJA5;13;Control;1;0,0003381615
GJA5;13;Control;2;0,0003335059
GJA5;13;Control;3;0,0002277913
GJA5;13;NIM-1;1;0,0006237836
GJA5;13;NIM-1;2;0,0006593506
GJA5;13;NIM-1;3;0,0006778874
GJA5;13;7d_NIM-2;1;2,90E-005
GJA5;13;7d_NIM-2;2;1,42E-005
GJA5;13;7d_NIM-2;3;2,24E-005
GJA5;13;30d_NIM-2;1;6,37E-006
GJA5;13;30d_NIM-2;2;3,68E-006
GJA5;13;30d_NIM-2;3;0,000001743
GJA5;13;30d_NIM-2_1d_MAT;1;2,21E-005
GJA5;13;30d_NIM-2_1d_MAT;2;0,000012167
GJA5;13;30d_NIM-2_1d_MAT;3;1,71E-005
GJA5;14;Control;1;0,0002998787
GJA5;14;Control;2;0,0002998787
GJA5;14;Control;3;0,000255687
GJA5;14;NIM-1;1;0,0007486955
GJA5;14;NIM-1;2;0,0008720308
GJA5;14;NIM-1;3;0,0006252266
GJA5;14;7d_NIM-2;1;9,57E-006
GJA5;14;7d_NIM-2;2;2,33E-006
GJA5;14;7d_NIM-2;3;5,46E-006
GJA5;14;30d_NIM-2;1;2,30E-006
GJA5;14;30d_NIM-2;2;1,10E-006
GJA5;14;30d_NIM-2;3;3,56E-006
GJA5;14;30d_NIM-2_1d_MAT;1;4,92E-006
GJA5;14;30d_NIM-2_1d_MAT;2;6,36E-006
GJA5;14;30d_NIM-2_1d_MAT;3;4,85E-006
GJA5;15;Control;1;0,0002396694
GJA5;15;Control;2;0,0003920522
GJA5;15;Control;3;0,0003075979
GJA5;15;NIM-1;1;0,0005101939
GJA5;15;NIM-1;2;0,0006109464
GJA5;15;NIM-1;3;0,000558302
GJA5;15;7d_NIM-2;1;7,22E-008
GJA5;15;7d_NIM-2;2;1,00E-005
GJA5;15;7d_NIM-2;3;1,55E-005
GJA5;15;30d_NIM-2;1;4,51E-006
GJA5;15;30d_NIM-2;2;3,79E-006
GJA5;15;30d_NIM-2;3;0,000005782
GJA5;15;30d_NIM-2_1d_MAT;1;2,94E-006
GJA5;15;30d_NIM-2_1d_MAT;2;2,48E-006
GJA5;15;30d_NIM-2_1d_MAT;3;2,68E-007
GJA5;16;Control;1;0,0005928686
GJA5;16;Control;2;0,0004587513
GJA5;16;Control;3;0,0004310073
GJA5;16;NIM-1;1;0,0001296281
GJA5;16;NIM-1;2;0,0001937745
GJA5;16;NIM-1;3;0,0001629443
GJA5;16;7d_NIM-2;1;1,41E-006
GJA5;16;7d_NIM-2;2;5,44E-006
GJA5;16;7d_NIM-2;3;0,000007862
GJA5;16;30d_NIM-2;1;7,81E-008
GJA5;16;30d_NIM-2;2;1,87E-006
GJA5;16;30d_NIM-2;3;1,68E-006
GJA5;16;30d_NIM-2_1d_MAT;1;3,94E-006
GJA5;16;30d_NIM-2_1d_MAT;2;3,81E-006
GJA5;16;30d_NIM-2_1d_MAT;3;0,000004526
GJA1;13;Control;1;0,6973718332
GJA1;13;Control;2;0,7955364838
GJA1;13;Control;3;0,9138314502
GJA1;13;NIM-1;1;0,143919435
GJA1;13;NIM-1;2;0,1390170107
GJA1;13;NIM-1;3;0,1324328868
GJA1;13;7d_NIM-2;1;0,1327392255
GJA1;13;7d_NIM-2;2;0,1048694718
GJA1;13;7d_NIM-2;3;0,1155562075
GJA1;13;30d_NIM-2;1;0,2087719799
GJA1;13;30d_NIM-2;2;0,1842836522
GJA1;13;30d_NIM-2;3;0,2002674694
GJA1;13;30d_NIM-2_1d_MAT;1;0,1521254392
GJA1;13;30d_NIM-2_1d_MAT;2;0,1531835553
GJA1;13;30d_NIM-2_1d_MAT;3;0,1872883846
GJA1;14;Control;1;0,9054247613
GJA1;14;Control;2;0,816014485
GJA1;14;Control;3;0,7303534223
GJA1;14;NIM-1;1;0,1139653111
GJA1;14;NIM-1;2;0,1221449961
GJA1;14;NIM-1;3;0,1282176402
GJA1;14;7d_NIM-2;1;0,0767689468
GJA1;14;7d_NIM-2;2;0,0659111643
GJA1;14;7d_NIM-2;3;0,0691880488
GJA1;14;30d_NIM-2;1;0,074842419
GJA1;14;30d_NIM-2;2;0,0769465258
GJA1;14;30d_NIM-2;3;0,0764150174
GJA1;14;30d_NIM-2_1d_MAT;1;0,0894153708
GJA1;14;30d_NIM-2_1d_MAT;2;0,0964995929
GJA1;14;30d_NIM-2_1d_MAT;3;0,1005975216
GJA1;15;Control;1;0,9885140204
GJA1;15;Control;2;1,143402487
GJA1;15;Control;3;1,0892486561
GJA1;15;NIM-1;1;0,1553219181
GJA1;15;NIM-1;2;0,1409576159
GJA1;15;NIM-1;3;0,1531835553
GJA1;15;7d_NIM-2;1;0,1139653111
GJA1;15;7d_NIM-2;2;0,1247115221
GJA1;15;7d_NIM-2;3;0,112396317
GJA1;15;30d_NIM-2;1;0,0796600392
GJA1;15;30d_NIM-2;2;0,0647040577
GJA1;15;30d_NIM-2;3;0,0703161553
GJA1;15;30d_NIM-2_1d_MAT;1;0,0650037459
GJA1;15;30d_NIM-2_1d_MAT;2;0,0659111643
GJA1;15;30d_NIM-2_1d_MAT;3;0,0706418368
GJA1;16;Control;1;0,5625292423
GJA1;16;Control;2;0,7371346086
GJA1;16;Control;3;0,5703818579
GJA1;16;NIM-1;1;0,1012972327
GJA1;16;NIM-1;2;0,1041450855
GJA1;16;NIM-1;3;0,1171693121
GJA1;16;7d_NIM-2;1;0,0372486857
GJA1;16;7d_NIM-2;2;0,035239404
GJA1;16;7d_NIM-2;3;0,037768658
GJA1;16;30d_NIM-2;1;0,0973955725
GJA1;16;30d_NIM-2;2;0,1158235077
GJA1;16;30d_NIM-2;3;0,1022377573
GJA1;16;30d_NIM-2_1d_MAT;1;0,0938608065
GJA1;16;30d_NIM-2_1d_MAT;2;0,0964995929
GJA1;16;30d_NIM-2_1d_MAT;3;0,097846677
GJC1;13;Control;1;0,0078125
GJC1;13;Control;2;0,0066612101
GJC1;13;Control;3;0,0042745848
GJC1;13;NIM-1;1;0,004225487
GJC1;13;NIM-1;2;0,0041385277
GJC1;13;NIM-1;3;0,0039699411
GJC1;13;7d_NIM-2;1;0,0014463843
GJC1;13;7d_NIM-2;2;0,0019085156
GJC1;13;7d_NIM-2;3;0,0015078061
GJC1;13;30d_NIM-2;1;0,0012106521
GJC1;13;30d_NIM-2;2;0,001039424
GJC1;13;30d_NIM-2;3;0,0010835639
GJC1;13;30d_NIM-2_1d_MAT;1;0,0005281859
GJC1;13;30d_NIM-2_1d_MAT;2;0,0005430352
GJC1;13;30d_NIM-2_1d_MAT;3;0,0007265418
GJC1;14;Control;1;0,0057855373
GJC1;14;Control;2;0,0061154173
GJC1;14;Control;3;0,0054356439
GJC1;14;NIM-1;1;0,0030156123
GJC1;14;NIM-1;2;0,0032320532
GJC1;14;NIM-1;3;0,0033460313
GJC1;14;7d_NIM-2;1;0,0020034006
GJC1;14;7d_NIM-2;2;0,0015078061
GJC1;14;7d_NIM-2;3;0,0014463843
GJC1;14;30d_NIM-2;1;0,0007987325
GJC1;14;30d_NIM-2;2;0,0008862492
GJC1;14;30d_NIM-2;3;0,0008098824
GJC1;14;30d_NIM-2_1d_MAT;1;0,0004270423
GJC1;14;30d_NIM-2_1d_MAT;2;0,0004270423
GJC1;14;30d_NIM-2_1d_MAT;3;0,0004330036
GJC1;15;Control;1;0,0074597
GJC1;15;Control;2;0,0070085579
GJC1;15;Control;3;0,0064491884
GJC1;15;NIM-1;1;0,0035531969
GJC1;15;NIM-1;2;0,0035042789
GJC1;15;NIM-1;3;0,0035779113
GJC1;15;7d_NIM-2;1;0,0024664755
GJC1;15;7d_NIM-2;2;0,0021471916
GJC1;15;7d_NIM-2;3;0,0019758192
GJC1;15;30d_NIM-2;1;0,0006487724
GJC1;15;30d_NIM-2;2;0,0006266728
GJC1;15;30d_NIM-2;3;0,0008098824
GJC1;15;30d_NIM-2_1d_MAT;1;0,0003517082
GJC1;15;30d_NIM-2_1d_MAT;2;0,0002539209
GJC1;15;30d_NIM-2_1d_MAT;3;0,0004068167
GJC1;16;Control;1;0,0159533145
GJC1;16;Control;2;0,0124302576
GJC1;16;Control;3;0,0106721895
GJC1;16;NIM-1;1;0,0030156123
GJC1;16;NIM-1;2;0,0024157162
GJC1;16;NIM-1;3;0,002625243
GJC1;16;7d_NIM-2;1;0,0006639367
GJC1;16;7d_NIM-2;2;0,0006067262
GJC1;16;7d_NIM-2;3;0,0007215232
GJC1;16;30d_NIM-2;1;0,0007822948
GJC1;16;30d_NIM-2;2;0,0009698169
GJC1;16;30d_NIM-2;3;0,0008326513
GJC1;16;30d_NIM-2_1d_MAT;1;0,0004608761
GJC1;16;30d_NIM-2_1d_MAT;2;0,0003590984
GJC1;16;30d_NIM-2_1d_MAT;3;0,0005956146
POU3F2;13;Control;1;5,13E-005
POU3F2;13;Control;2;4,47E-005
POU3F2;13;Control;3;4,20E-005
POU3F2;13;NIM-1;1;5,00E-005
POU3F2;13;NIM-1;2;5,95E-005
POU3F2;13;NIM-1;3;5,40E-005
POU3F2;13;7d_NIM-2;1;3,83E-005
POU3F2;13;7d_NIM-2;2;0,000025781
POU3F2;13;7d_NIM-2;3;3,40E-005
POU3F2;13;30d_NIM-2;1;1,93E-005
POU3F2;13;30d_NIM-2;2;1,74E-005
POU3F2;13;30d_NIM-2;3;2,39E-005
POU3F2;13;30d_NIM-2_1d_MAT;1;5,29E-005
POU3F2;13;30d_NIM-2_1d_MAT;2;7,64E-005
POU3F2;13;30d_NIM-2_1d_MAT;3;4,90E-005
POU3F2;14;Control;1;8,92E-005
POU3F2;14;Control;2;9,49E-005
POU3F2;14;Control;3;0,0001017042
POU3F2;14;NIM-1;1;4,34E-005
POU3F2;14;NIM-1;2;4,65E-005
POU3F2;14;NIM-1;3;4,71E-005
POU3F2;14;7d_NIM-2;1;1,76E-005
POU3F2;14;7d_NIM-2;2;1,49E-005
POU3F2;14;7d_NIM-2;3;0,000016544
POU3F2;14;30d_NIM-2;1;3,20E-005
POU3F2;14;30d_NIM-2;2;3,20E-005
POU3F2;14;30d_NIM-2;3;0,000038361
POU3F2;14;30d_NIM-2_1d_MAT;1;4,19E-005
POU3F2;14;30d_NIM-2_1d_MAT;2;3,99E-005
POU3F2;14;30d_NIM-2_1d_MAT;3;4,61E-005
POU3F2;15;Control;1;4,90E-005
POU3F2;15;Control;2;4,45E-005
POU3F2;15;Control;3;6,03E-005
POU3F2;15;NIM-1;1;5,18E-005
POU3F2;15;NIM-1;2;5,55E-005
POU3F2;15;NIM-1;3;0,000041496
POU3F2;15;7d_NIM-2;1;0,000010398
POU3F2;15;7d_NIM-2;2;1,03E-005
POU3F2;15;7d_NIM-2;3;3,78E-006
POU3F2;15;30d_NIM-2;1;3,14E-005
POU3F2;15;30d_NIM-2;2;2,46E-005
POU3F2;15;30d_NIM-2;3;2,62E-005
POU3F2;15;30d_NIM-2_1d_MAT;1;1,51E-005
POU3F2;15;30d_NIM-2_1d_MAT;2;2,01E-005
POU3F2;15;30d_NIM-2_1d_MAT;3;1,67E-005
POU3F2;16;Control;1;5,54E-005
POU3F2;16;Control;2;5,31E-005
POU3F2;16;Control;3;4,14E-005
POU3F2;16;NIM-1;1;3,43E-005
POU3F2;16;NIM-1;2;4,55E-005
POU3F2;16;NIM-1;3;0,000042466
POU3F2;16;7d_NIM-2;1;5,56E-006
POU3F2;16;7d_NIM-2;2;5,88E-006
POU3F2;16;7d_NIM-2;3;4,87E-006
POU3F2;16;30d_NIM-2;1;2,89E-005
POU3F2;16;30d_NIM-2;2;2,43E-005
POU3F2;16;30d_NIM-2;3;2,97E-005
POU3F2;16;30d_NIM-2_1d_MAT;1;1,85E-005
POU3F2;16;30d_NIM-2_1d_MAT;2;1,77E-005
POU3F2;16;30d_NIM-2_1d_MAT;3;1,44E-005
RBFOX3;17;Control;1;5,01E-006
RBFOX3;17;Control;2;3,96E-006
RBFOX3;17;Control;3;3,85E-006
RBFOX3;17;NIM-1;1;0,000014336
RBFOX3;17;NIM-1;2;1,92E-005
RBFOX3;17;NIM-1;3;2,55E-005
RBFOX3;17;7d_NIM-2;1;2,08E-008
RBFOX3;17;7d_NIM-2;2;NA
RBFOX3;17;7d_NIM-2;3;NA
RBFOX3;17;30d_NIM-2;1;2,41E-006
RBFOX3;17;30d_NIM-2;2;0,000001406
RBFOX3;17;30d_NIM-2;3;2,79E-006
RBFOX3;17;30d_NIM-2_1d_MAT;1;0,000004272
RBFOX3;17;30d_NIM-2_1d_MAT;2;4,10E-006
RBFOX3;17;30d_NIM-2_1d_MAT;3;8,97E-006
RBFOX3;18;Control;1;1,69E-005
RBFOX3;18;Control;2;2,10E-005
RBFOX3;18;Control;3;2,47E-005
RBFOX3;18;NIM-1;1;9,59E-006
RBFOX3;18;NIM-1;2;1,33E-005
RBFOX3;18;NIM-1;3;1,49E-005
RBFOX3;18;7d_NIM-2;1;0,000004526
RBFOX3;18;7d_NIM-2;2;2,33E-006
RBFOX3;18;7d_NIM-2;3;8,87E-006
RBFOX3;18;30d_NIM-2;1;1,24E-006
RBFOX3;18;30d_NIM-2;2;1,16E-006
RBFOX3;18;30d_NIM-2;3;6,51E-007
RBFOX3;18;30d_NIM-2_1d_MAT;1;1,29E-007
RBFOX3;18;30d_NIM-2_1d_MAT;2;2,68E-006
RBFOX3;18;30d_NIM-2_1d_MAT;3;2,81E-006
RBFOX3;19;Control;1;1,11E-005
RBFOX3;19;Control;2;1,76E-005
RBFOX3;19;Control;3;3,28E-006
RBFOX3;19;NIM-1;1;5,22E-006
RBFOX3;19;NIM-1;2;2,13E-005
RBFOX3;19;NIM-1;3;1,24E-005
RBFOX3;19;7d_NIM-2;1;2,50E-005
RBFOX3;19;7d_NIM-2;2;NA
RBFOX3;19;7d_NIM-2;3;2,80E-005
RBFOX3;19;30d_NIM-2;1;2,10E-006
RBFOX3;19;30d_NIM-2;2;7,77E-006
RBFOX3;19;30d_NIM-2;3;3,94E-006
RBFOX3;19;30d_NIM-2_1d_MAT;1;0,000002068
RBFOX3;19;30d_NIM-2_1d_MAT;2;3,97E-006
RBFOX3;19;30d_NIM-2_1d_MAT;3;3,34E-006
ENG;17;Control;1;0,4332685229
ENG;17;Control;2;0,4423724156
ENG;17;Control;3;0,4332685229
ENG;17;NIM-1;1;0,1103378745
ENG;17;NIM-1;2;0,1455916983
ENG;17;NIM-1;3;0,1476240827
ENG;17;7d_NIM-2;1;0,0210992179
ENG;17;7d_NIM-2;2;0,017619702
ENG;17;7d_NIM-2;3;0,0210992179
ENG;17;30d_NIM-2;1;0,0877778047
ENG;17;30d_NIM-2;2;0,0607909342
ENG;17;30d_NIM-2;3;0,0703161553
ENG;17;30d_NIM-2_1d_MAT;1;0,1352155833
ENG;17;30d_NIM-2_1d_MAT;2;0,134281581
ENG;17;30d_NIM-2_1d_MAT;3;0,1352155833
ENG;18;Control;1;0,189902833
ENG;18;Control;2;0,3446809172
ENG;18;Control;3;0,242042674
ENG;18;NIM-1;1;0,258816231
ENG;18;NIM-1;2;0,2431637369
ENG;18;NIM-1;3;0,3186401568
ENG;18;7d_NIM-2;1;0,1514240921
ENG;18;7d_NIM-2;2;0,112396317
ENG;18;7d_NIM-2;3;0,1155562075
ENG;18;30d_NIM-2;1;0,0470389609
ENG;18;30d_NIM-2;2;0,0656072927
ENG;18;30d_NIM-2;3;0,0438889024
ENG;18;30d_NIM-2_1d_MAT;1;0,0507657748
ENG;18;30d_NIM-2_1d_MAT;2;0,1466043687
ENG;18;30d_NIM-2_1d_MAT;3;0,0514744386
ENG;19;Control;1;0,4829681645
ENG;19;Control;2;0,5743491775
ENG;19;Control;3;0,7071067812
ENG;19;NIM-1;1;0,1137022992
ENG;19;NIM-1;2;0,1553219181
ENG;19;NIM-1;3;0,207809474
ENG;19;7d_NIM-2;1;0,1925537778
ENG;19;7d_NIM-2;2;0,1747462418
ENG;19;7d_NIM-2;3;0,1952417284
ENG;19;30d_NIM-2;1;0,0569826555
ENG;19;30d_NIM-2;2;0,0606506395
ENG;19;30d_NIM-2;3;0,091929179
ENG;19;30d_NIM-2_1d_MAT;1;0,0251493804
ENG;19;30d_NIM-2_1d_MAT;2;0,029292328
ENG;19;30d_NIM-2_1d_MAT;3;0,0249756609
ACTA2;17;Control;1;0,0885928042
ACTA2;17;Control;2;0,0530439982
ACTA2;17;Control;3;0,0523137258
ACTA2;17;NIM-1;1;0,0061295633
ACTA2;17;NIM-1;2;0,0051187242
ACTA2;17;NIM-1;3;0,0053360948
ACTA2;17;7d_NIM-2;1;0,0034084542
ACTA2;17;7d_NIM-2;2;0,0038347104
ACTA2;17;7d_NIM-2;3;0,002866157
ACTA2;17;30d_NIM-2;1;0,0043342558
ACTA2;17;30d_NIM-2;2;0,0049443617
ACTA2;17;30d_NIM-2;3;0,0057989202
ACTA2;17;30d_NIM-2_1d_MAT;1;0,0060173056
ACTA2;17;30d_NIM-2_1d_MAT;2;0,0059344635
ACTA2;17;30d_NIM-2_1d_MAT;3;0,0021422363
ACTA2;18;Control;1;0,0760627196
ACTA2;18;Control;2;0,0792927809
ACTA2;18;Control;3;0,0809588907
ACTA2;18;NIM-1;1;0,0100267648
ACTA2;18;NIM-1;2;0,0108211677
ACTA2;18;NIM-1;3;0,0134150849
ACTA2;18;7d_NIM-2;1;0,0294960723
ACTA2;18;7d_NIM-2;2;0,0265833488
ACTA2;18;7d_NIM-2;3;0,0215923887
ACTA2;18;30d_NIM-2;1;0,0036446601
ACTA2;18;30d_NIM-2;2;0,0036446601
ACTA2;18;30d_NIM-2;3;0,0049787525
ACTA2;18;30d_NIM-2_1d_MAT;1;0,0057588641
ACTA2;18;30d_NIM-2_1d_MAT;2;0,0084901161
ACTA2;18;30d_NIM-2_1d_MAT;3;0,0048426082
ACTA2;19;Control;1;0,048361406
ACTA2;19;Control;2;0,074842419
ACTA2;19;Control;3;0,074842419
ACTA2;19;NIM-1;1;0,0069601462
ACTA2;19;NIM-1;2;0,0070085579
ACTA2;19;NIM-1;3;0,0071063937
ACTA2;19;7d_NIM-2;1;0,0534129484
ACTA2;19;7d_NIM-2;2;0,0322028756
ACTA2;19;7d_NIM-2;3;0,042787504
ACTA2;19;30d_NIM-2;1;0,0040346708
ACTA2;19;30d_NIM-2;2;0,0116515578
ACTA2;19;30d_NIM-2;3;0,0057058861
ACTA2;19;30d_NIM-2_1d_MAT;1;0,0028927687
ACTA2;19;30d_NIM-2_1d_MAT;2;0,003561416
ACTA2;19;30d_NIM-2_1d_MAT;3;0,0051069111
TAGLN;20;Control;1;0,7737824968
TAGLN;20;Control;2;0,4931163522
TAGLN;20;Control;3;0,4796320597
TAGLN;20;NIM-1;1;0,0482497965
TAGLN;20;NIM-1;2;0,0422960476
TAGLN;20;NIM-1;3;0,0417137454
TAGLN;20;7d_NIM-2;1;0,006186475
TAGLN;20;7d_NIM-2;2;0,00475392
TAGLN;20;7d_NIM-2;3;0,0010936246
TAGLN;20;30d_NIM-2;1;0,006186475
TAGLN;20;30d_NIM-2;2;0,0055370503
TAGLN;20;30d_NIM-2;3;0,0075638336
TAGLN;20;30d_NIM-2_1d_MAT;1;0,0100732055
TAGLN;20;30d_NIM-2_1d_MAT;2;0,0131998621
TAGLN;20;30d_NIM-2_1d_MAT;3;0,0123159068
TAGLN;21;Control;1;0,5446243281
TAGLN;21;Control;2;0,5756777401
TAGLN;21;Control;3;0,3193772231
TAGLN;21;NIM-1;1;0,2176376408
TAGLN;21;NIM-1;2;0,1804911494
TAGLN;21;NIM-1;3;0,2414840822
TAGLN;21;7d_NIM-2;1;0,0429856818
TAGLN;21;7d_NIM-2;2;0,0295643015
TAGLN;21;7d_NIM-2;3;0,0638132579
TAGLN;21;30d_NIM-2;1;0,0126037775
TAGLN;21;30d_NIM-2;2;0,0068011763
TAGLN;21;30d_NIM-2;3;0,0121744466
TAGLN;21;30d_NIM-2_1d_MAT;1;0,0127502263
TAGLN;21;30d_NIM-2_1d_MAT;2;0,0133841253
TAGLN;21;30d_NIM-2_1d_MAT;3;0,0090784811
TAGLN;22;Control;1;0,6536846236
TAGLN;22;Control;2;0,573023681
TAGLN;22;Control;3;0,6536846236
TAGLN;22;NIM-1;1;0,138696184
TAGLN;22;NIM-1;2;NA
TAGLN;22;NIM-1;3;0,1190797498
TAGLN;22;7d_NIM-2;1;0,0471477696
TAGLN;22;7d_NIM-2;2;0,0442964021
TAGLN;22;7d_NIM-2;3;0,0481384444
TAGLN;22;30d_NIM-2;1;0,0065090678
TAGLN;22;30d_NIM-2;2;0,0030789767
TAGLN;22;30d_NIM-2;3;0,0050366028
TAGLN;22;30d_NIM-2_1d_MAT;1;0,0066612101
TAGLN;22;30d_NIM-2_1d_MAT;2;0,0060034187
TAGLN;22;30d_NIM-2_1d_MAT;3;0,0083732302
MYL2;20;Control;1;4,38E-006
MYL2;20;Control;2;7,90E-006
MYL2;20;Control;3;7,90E-006
MYL2;20;NIM-1;1;2,11E-006
MYL2;20;NIM-1;2;5,42E-006
MYL2;20;NIM-1;3;9,57E-006
MYL2;20;7d_NIM-2;1;1,34E-007
MYL2;20;7d_NIM-2;2;4,69E-008
MYL2;20;7d_NIM-2;3;2,94E-007
MYL2;20;30d_NIM-2;1;9,63E-007
MYL2;20;30d_NIM-2;2;1,76E-006
MYL2;20;30d_NIM-2;3;2,82E-006
MYL2;20;30d_NIM-2_1d_MAT;1;4,02E-006
MYL2;20;30d_NIM-2_1d_MAT;2;2,94E-006
MYL2;20;30d_NIM-2_1d_MAT;3;3,70E-006
MYL2;21;Control;1;3,99E-006
MYL2;21;Control;2;4,36E-006
MYL2;21;Control;3;1,70E-005
MYL2;21;NIM-1;1;1,88E-007
MYL2;21;NIM-1;2;2,77E-006
MYL2;21;NIM-1;3;2,77E-005
MYL2;21;7d_NIM-2;1;1,59E-005
MYL2;21;7d_NIM-2;2;1,33E-005
MYL2;21;7d_NIM-2;3;1,56E-005
MYL2;21;30d_NIM-2;1;5,18E-007
MYL2;21;30d_NIM-2;2;1,20E-005
MYL2;21;30d_NIM-2;3;8,47E-006
MYL2;21;30d_NIM-2_1d_MAT;1;2,73E-006
MYL2;21;30d_NIM-2_1d_MAT;2;4,22E-005
MYL2;21;30d_NIM-2_1d_MAT;3;3,15E-005
MYL2;22;Control;1;9,44E-006
MYL2;22;Control;2;0,00001228
MYL2;22;Control;3;1,32E-005
MYL2;22;NIM-1;1;8,29E-006
MYL2;22;NIM-1;2;0,000014237
MYL2;22;NIM-1;3;1,01E-005
MYL2;22;7d_NIM-2;1;4,71E-006
MYL2;22;7d_NIM-2;2;7,44E-006
MYL2;22;7d_NIM-2;3;3,96E-006
MYL2;22;30d_NIM-2;1;3,31E-006
MYL2;22;30d_NIM-2;2;1,75E-006
MYL2;22;30d_NIM-2;3;2,65E-006
MYL2;22;30d_NIM-2_1d_MAT;1;2,52E-006
MYL2;22;30d_NIM-2_1d_MAT;2;3,98E-007
MYL2;22;30d_NIM-2_1d_MAT;3;2,91E-006
SMYD1;20;Control;1;1,57E-006
SMYD1;20;Control;2;5,99E-007
SMYD1;20;Control;3;1,76E-006
SMYD1;20;NIM-1;1;1,25E-006
SMYD1;20;NIM-1;2;1,13E-006
SMYD1;20;NIM-1;3;3,71E-007
SMYD1;20;7d_NIM-2;1;NA
SMYD1;20;7d_NIM-2;2;NA
SMYD1;20;7d_NIM-2;3;NA
SMYD1;20;30d_NIM-2;1;1,27E-007
SMYD1;20;30d_NIM-2;2;0,000002092
SMYD1;20;30d_NIM-2;3;5,38E-007
SMYD1;20;30d_NIM-2_1d_MAT;1;1,50E-006
SMYD1;20;30d_NIM-2_1d_MAT;2;3,95E-007
SMYD1;20;30d_NIM-2_1d_MAT;3;2,17E-006
SMYD1;21;Control;1;9,90E-007
SMYD1;21;Control;2;1,35E-006
SMYD1;21;Control;3;6,81E-007
SMYD1;21;NIM-1;1;3,95E-006
SMYD1;21;NIM-1;2;8,13E-007
SMYD1;21;NIM-1;3;0,000000306
SMYD1;21;7d_NIM-2;1;3,03E-006
SMYD1;21;7d_NIM-2;2;1,77E-006
SMYD1;21;7d_NIM-2;3;1,47E-007
SMYD1;21;30d_NIM-2;1;2,26E-007
SMYD1;21;30d_NIM-2;2;1,95E-006
SMYD1;21;30d_NIM-2;3;3,54E-007
SMYD1;21;30d_NIM-2_1d_MAT;1;4,11E-006
SMYD1;21;30d_NIM-2_1d_MAT;2;3,73E-006
SMYD1;21;30d_NIM-2_1d_MAT;3;4,40E-006
SMYD1;22;Control;1;4,93E-007
SMYD1;22;Control;2;1,66E-006
SMYD1;22;Control;3;6,02E-007
SMYD1;22;NIM-1;1;6,74E-007
SMYD1;22;NIM-1;2;8,02E-007
SMYD1;22;NIM-1;3;1,71E-006
SMYD1;22;7d_NIM-2;1;2,50E-005
SMYD1;22;7d_NIM-2;2;8,56E-007
SMYD1;22;7d_NIM-2;3;2,22E-005
SMYD1;22;30d_NIM-2;1;3,05E-007
SMYD1;22;30d_NIM-2;2;1,36E-007
SMYD1;22;30d_NIM-2;3;1,46E-007
SMYD1;22;30d_NIM-2_1d_MAT;1;7,19E-008
SMYD1;22;30d_NIM-2_1d_MAT;2;2,66E-007
SMYD1;22;30d_NIM-2_1d_MAT;3;2,40E-007
