"Gen";"Run";"Behandlung";"Repetition";"delta_ct"
"NT5E";1;"MSC0";1;0,0830428634
"NT5E";1;"MSC0";2;0,1476240827
"NT5E";1;"MSC0";3;0,105843164
"NT5E";1;"MSC50";1;0,1147580025
"NT5E";1;"MSC50";2;0,1680155499
"NT5E";1;"MSC50";3;0,1546058342
"NT5E";1;"MSC100";1;0,1291094644
"NT5E";1;"MSC100";2;0,1291094644
"NT5E";1;"MSC100";3;0,1163599645
"NT5E";1;"AC0";1;0,1336624998
"NT5E";1;"AC0";2;0,1622923235
"NT5E";1;"AC0";3;0,1204633898
"NT5E";1;"AC50";1;0,0696692898
"NT5E";1;"AC50";2;0,1085676858
"NT5E";1;"AC50";3;0,0736416962
"NT5E";1;"AC100";1;0,1600579971
"NT5E";1;"AC100";2;0,0654558827
"NT5E";1;"AC100";3;0,0736416962
"NT5E";2;"MSC0";1;0,136156082
"NT5E";2;"MSC0";2;0,1371031225
"NT5E";2;"MSC0";3;0,1201853816
"NT5E";2;"MSC50";1;0,1282176402
"NT5E";2;"MSC50";2;0,1432559202
"NT5E";2;"MSC50";3;0,1751504581
"NT5E";2;"MSC100";1;0,1279217365
"NT5E";2;"MSC100";2;0,1553219181
"NT5E";2;"MSC100";3;0,1619177815
"NT5E";2;"AC0";1;0,1574901312
"NT5E";2;"AC0";2;0,1771856084
"NT5E";2;"AC0";3;0,1979672013
"NT5E";2;"AC50";1;0,097846677
"NT5E";2;"AC50";2;0,1108489236
"NT5E";2;"AC50";3;0,1213012789
"NT5E";2;"AC100";1;0,0885928042
"NT5E";2;"AC100";2;0,0929973446
"NT5E";2;"AC100";3;0,1279217365
"NT5E";3;"MSC0";1;0,126744935
"NT5E";3;"MSC0";2;0,1435872944
"NT5E";3;"MSC0";3;0,0973955725
"NT5E";3;"MSC50";1;0,1103378745
"NT5E";3;"MSC50";2;0,1303082201
"NT5E";3;"MSC50";3;0,1224275372
"NT5E";3;"MSC100";1;0,1521254392
"NT5E";3;"MSC100";2;0,1699677966
"NT5E";3;"MSC100";3;0,1459284755
"NT5E";3;"AC0";1;0,1695755409
"NT5E";3;"AC0";2;0,1486508894
"NT5E";3;"AC0";3;0,1207420411
"NT5E";3;"AC50";1;0,1111053351
"NT5E";3;"AC50";2;0,1207420411
"NT5E";3;"AC50";3;0,1528300347
"NT5E";3;"AC100";1;0,1486508894
"NT5E";3;"AC100";2;0,1486508894
"NT5E";3;"AC100";3;0,1080671539
"THY1";1;"MSC0";1;0,3415100642
"THY1";1;"MSC0";2;0,1593200784
"THY1";1;"MSC0";3;0,1549634625
"THY1";1;"MSC50";1;0,183858358
"THY1";1;"MSC50";2;0,6056963685
"THY1";1;"MSC50";3;0,2767521954
"THY1";1;"MSC100";1;0,2247926339
"THY1";1;"MSC100";2;0,1657024302
"THY1";1;"MSC100";3;0,1763687259
"THY1";1;"AC0";1;0,0602316949
"THY1";1;"AC0";2;0,0331848064
"THY1";1;"AC0";3;0,0499513219
"THY1";1;"AC50";1;0,0368208481
"THY1";1;"AC50";2;0,0260362714
"THY1";1;"AC50";3;0,0459645895
"THY1";1;"AC100";1;0,037334848
"THY1";1;"AC100";2;0,0345940244
"THY1";1;"AC100";3;0,0773029171
"THY1";2;"MSC0";1;0,3694198601
"THY1";2;"MSC0";2;0,3798056661
"THY1";2;"MSC0";3;0,4362821438
"THY1";2;"MSC50";1;0,2748405283
"THY1";2;"MSC50";2;0,2477001533
"THY1";2;"MSC50";3;0,2845327586
"THY1";2;"MSC100";1;0,1390170107
"THY1";2;"MSC100";2;0,1288115025
"THY1";2;"MSC100";3;0,143919435
"THY1";2;"AC0";1;0,0205222587
"THY1";2;"AC0";2;0,0171378903
"THY1";2;"AC0";3;0,0216923977
"THY1";2;"AC50";1;0,0120624491
"THY1";2;"AC50";2;0,0123159068
"THY1";2;"AC50";3;0,0134772192
"THY1";2;"AC100";1;0,0131693991
"THY1";2;"AC100";2;0,0139202925
"THY1";2;"AC100";3;0,0152328884
"THY1";3;"MSC0";1;0,3486859166
"THY1";3;"MSC0";2;0,6029039138
"THY1";3;"MSC0";3;0,4233726562
"THY1";3;"MSC50";1;0,183010712
"THY1";3;"MSC50";2;0,2284578626
"THY1";3;"MSC50";3;0,2698070591
"THY1";3;"MSC100";1;0,1244237099
"THY1";3;"MSC100";2;0,1046274516
"THY1";3;"MSC100";3;0,1429253109
"THY1";3;"AC0";1;0,025207555
"THY1";3;"AC0";2;0,030819772
"THY1";3;"AC0";3;0,0245182531
"THY1";3;"AC50";1;0,0157336805
"THY1";3;"AC50";2;0,015409886
"THY1";3;"AC50";3;0,0240136747
"THY1";3;"AC100";1;0,0224055508
"THY1";3;"AC100";2;0,025207555
"THY1";3;"AC100";3;0,0289558769
"ALCAM";1;"MSC0";1;0,0947322854
"ALCAM";1;"MSC0";2;0,1988841209
"ALCAM";1;"MSC0";3;0,126744935
"ALCAM";1;"MSC50";1;0,1393385796
"ALCAM";1;"MSC50";2;0,232719929
"ALCAM";1;"MSC50";3;0,1864249251
"ALCAM";1;"MSC100";1;0,1589523958
"ALCAM";1;"MSC100";2;0,2097389437
"ALCAM";1;"MSC100";3;0,2011950431
"ALCAM";1;"AC0";1;0,0237927636
"ALCAM";1;"AC0";2;0,0131998621
"ALCAM";1;"AC0";3;0,0211480238
"ALCAM";1;"AC50";1;0,0290899911
"ALCAM";1;"AC50";2;0,009205212
"ALCAM";1;"AC50";3;0,0090784811
"ALCAM";1;"AC100";1;0,009141627
"ALCAM";1;"AC100";2;0,0158065538
"ALCAM";1;"AC100";3;0,009141627
"ALCAM";2;"MSC0";1;0,2035328169
"ALCAM";2;"MSC0";2;0,28783887
"ALCAM";2;"MSC0";3;0,2594149148
"ALCAM";2;"MSC50";1;0,187721613
"ALCAM";2;"MSC50";2;0,1715459138
"ALCAM";2;"MSC50";3;0,2186456675
"ALCAM";2;"MSC100";1;0,1809086547
"ALCAM";2;"MSC100";2;0,1449204739
"ALCAM";2;"MSC100";3;0,1068258968
"ALCAM";2;"AC0";1;0,0082198816
"ALCAM";2;"AC0";2;0,0097076199
"ALCAM";2;"AC0";3;0,0145114283
"ALCAM";2;"AC50";1;0,007848685
"ALCAM";2;"AC50";2;0,0118963818
"ALCAM";2;"AC50";3;0,0136653542
"ALCAM";2;"AC100";1;0,0070573063
"ALCAM";2;"AC100";2;0,0087489969
"ALCAM";2;"AC100";3;0,0133532371
"ALCAM";3;"MSC0";1;0,1538930517
"ALCAM";3;"MSC0";2;0,2044755146
"ALCAM";3;"MSC0";3;0,2237562677
"ALCAM";3;"MSC50";1;0,327598351
"ALCAM";3;"MSC50";2;0,2116863281
"ALCAM";3;"MSC50";3;0,1604282372
"ALCAM";3;"MSC100";1;0,1352155833
"ALCAM";3;"MSC100";2;0,134281581
"ALCAM";3;"MSC100";3;0,1046274516
"ALCAM";3;"AC0";1;0,0145786405
"ALCAM";3;"AC0";2;0,0141799868
"ALCAM";3;"AC0";3;0,0155170702
"ALCAM";3;"AC50";1;0,0110485435
"ALCAM";3;"AC50";2;0,0131390065
"ALCAM";3;"AC50";3;0,0098887234
"ALCAM";3;"AC100";1;0,0133224202
"ALCAM";3;"AC100";2;0,0107464205
"ALCAM";3;"AC100";3;0,0119239001
"NES";4;"MSC0";1;0,0137604043
"NES";4;"MSC0";2;0,0140495396
"NES";4;"MSC0";3;0,0139524924
"NES";4;"MSC50";1;0,0155529637
"NES";4;"MSC50";2;0,0128983768
"NES";4;"MSC50";3;0,0196862664
"NES";4;"MSC100";1;0,0107216196
"NES";4;"MSC100";2;0,0145449956
"NES";4;"MSC100";3;0,0138561155
"NES";4;"AC0";1;0,0003319684
"NES";4;"AC0";2;0,0003184453
"NES";4;"AC0";3;0,0002677795
"NES";4;"AC50";1;0,0003061798
"NES";4;"AC50";2;0,0003641112
"NES";4;"AC50";3;0,0003902447
"NES";4;"AC100";1;0,0003342774
"NES";4;"AC100";2;0,000370904
"NES";4;"AC100";3;0,0003413013
"NES";5;"MSC0";1;0,0178244331
"NES";5;"MSC0";2;0,0181989623
"NES";5;"MSC0";3;0,0233570195
"NES";5;"MSC50";1;0,0154812596
"NES";5;"MSC50";2;0,0164777911
"NES";5;"MSC50";3;0,0197318039
"NES";5;"MSC100";1;0,0140171158
"NES";5;"MSC100";2;0,0156611432
"NES";5;"MSC100";3;0,0141146125
"NES";5;"AC0";1;0,0007661954
"NES";5;"AC0";2;0,000605326
"NES";5;"AC0";3;0,0004882813
"NES";5;"AC50";1;0,0003243862
"NES";5;"AC50";2;0,0003177104
"NES";5;"AC50";3;0,0002125368
"NES";5;"AC100";1;0,0002067249
"NES";5;"AC100";2;0,000258061
"NES";5;"AC100";3;0,0003335059
"NES";6;"MSC0";1;0,0174576115
"NES";6;"MSC0";2;0,015409886
"NES";6;"MSC0";3;0,0164018232
"NES";6;"MSC50";1;0,0122308346
"NES";6;"MSC50";2;0,0097300752
"NES";6;"MSC50";3;0,0102138222
"NES";6;"MSC100";1;0,0129581179
"NES";6;"MSC100";2;0,0142786164
"NES";6;"MSC100";3;0,0145786405
"NES";6;"AC0";1;0,0006969454
"NES";6;"AC0";2;0,0005101939
"NES";6;"AC0";3;0,00059424
"NES";6;"AC50";1;0,000192436
"NES";6;"AC50";2;0,0003304379
"NES";6;"AC50";3;0,0001871739
"NES";6;"AC100";1;0,0002145101
"NES";6;"AC100";2;0,0003228907
"NES";6;"AC100";3;0,0003508965
"TUBB3";4;"MSC0";1;0,0767689468
"TUBB3";4;"MSC0";2;0,1116199389
"TUBB3";4;"MSC0";3;0,1041450855
"TUBB3";4;"MSC50";1;0,0782011337
"TUBB3";4;"MSC50";2;0,0662164434
"TUBB3";4;"MSC50";3;0,0644057513
"TUBB3";4;"MSC100";1;0,0696692898
"TUBB3";4;"MSC100";2;0,0691880488
"TUBB3";4;"MSC100";3;0,058584656
"TUBB3";4;"AC0";1;0,3193772231
"TUBB3";4;"AC0";2;0,2918569509
"TUBB3";4;"AC0";3;0,279967901
"TUBB3";4;"AC50";1;0,2511579186
"TUBB3";4;"AC50";2;1,3073692472
"TUBB3";4;"AC50";3;0,2786771591
"TUBB3";4;"AC100";1;0,1553219181
"TUBB3";4;"AC100";2;0,1699677966
"TUBB3";4;"AC100";3;0,2918569509
"TUBB3";5;"MSC0";1;0,0807720519
"TUBB3";5;"MSC0";2;0,0758871803
"TUBB3";5;"MSC0";3;0,0842020986
"TUBB3";5;"MSC50";1;0,0773029171
"TUBB3";5;"MSC50";2;0,1147580025
"TUBB3";5;"MSC50";3;0,092568597
"TUBB3";5;"MSC100";1;0,0873731209
"TUBB3";5;"MSC100";2;0,042787504
"TUBB3";5;"MSC100";3;0,0644057513
"TUBB3";5;"AC0";1;0,6241652745
"TUBB3";5;"AC0";2;0,3077861033
"TUBB3";5;"AC0";3;0,3511112189
"TUBB3";5;"AC50";1;0,1961460245
"TUBB3";5;"AC50";2;0,1507259785
"TUBB3";5;"AC50";3;0,3511112189
"TUBB3";5;"AC100";1;0,126744935
"TUBB3";5;"AC100";2;0,2284578626
"TUBB3";5;"AC100";3;0,2087719799
"TUBB3";6;"MSC0";1;0,1015315495
"TUBB3";6;"MSC0";2;0,1507259785
"TUBB3";6;"MSC0";3;0,1455916983
"TUBB3";6;"MSC50";1;0,0614972908
"TUBB3";6;"MSC50";2;0,0645547322
"TUBB3";6;"MSC50";3;0,0682355165
"TUBB3";6;"MSC100";1;0,0625
"TUBB3";6;"MSC100";2;0,0688690697
"TUBB3";6;"MSC100";3;0,062068281
"TUBB3";6;"AC0";1;0,233797812
"TUBB3";6;"AC0";2;0,2289863226
"TUBB3";6;"AC0";3;0,2704311665
"TUBB3";6;"AC50";1;0,1514240921
"TUBB3";6;"AC50";2;0,1422663793
"TUBB3";6;"AC50";3;0,1300074917
"TUBB3";6;"AC100";1;0,1699677966
"TUBB3";6;"AC100";2;0,0324268643
"TUBB3";6;"AC100";3;0,1711500161
"MAP2";4;"MSC0";1;0,0012418156
"MAP2";4;"MSC0";2;0,0016846524
"MAP2";4;"MSC0";3;0,0014767759
"MAP2";4;"MSC50";1;0,0004996943
"MAP2";4;"MSC50";2;0,0005318597
"MAP2";4;"MSC50";3;0,0006025353
"MAP2";4;"MSC100";1;0,0005221191
"MAP2";4;"MSC100";2;0,0005518894
"MAP2";4;"MSC100";3;0,0006985576
"MAP2";4;"AC0";1;0,0017765984
"MAP2";4;"AC0";2;0,0011721178
"MAP2";4;"AC0";3;0,0014631905
"MAP2";4;"AC50";1;0,0008307296
"MAP2";4;"AC50";2;0,0006889403
"MAP2";4;"AC50";3;0,0007968891
"MAP2";4;"AC100";1;0,0005660956
"MAP2";4;"AC100";2;0,0007066744
"MAP2";4;"AC100";3;0,0007786882
"MAP2";5;"MSC0";1;0,0032395295
"MAP2";5;"MSC0";2;0,0027430564
"MAP2";5;"MSC0";3;0,0034961917
"MAP2";5;"MSC50";1;0,0013495243
"MAP2";5;"MSC50";2;0,0014767759
"MAP2";5;"MSC50";3;0,0013495243
"MAP2";5;"MSC100";1;0,0005820107
"MAP2";5;"MSC100";2;0,0006413206
"MAP2";5;"MSC100";3;0,0008944778
"MAP2";5;"AC0";1;0,0010986899
"MAP2";5;"AC0";2;0,0010612645
"MAP2";5;"AC0";3;0,0011063319
"MAP2";5;"AC50";1;0,0021078676
"MAP2";5;"AC50";2;0,001419895
"MAP2";5;"AC50";3;0,0023226701
"MAP2";5;"AC100";1;0,0005887734
"MAP2";5;"AC100";2;0,0011613351
"MAP2";5;"AC100";3;0,0004340052
"MAP2";6;"MSC0";1;0,000276583
"MAP2";6;"MSC0";2;0,0003624325
"MAP2";6;"MSC0";3;0,0003574428
"MAP2";6;"MSC50";1;0,0006841815
"MAP2";6;"MSC50";2;0,0005753258
"MAP2";6;"MSC50";3;0,0006472751
"MAP2";6;"MSC100";1;0,0005687176
"MAP2";6;"MSC100";2;0,0005928686
"MAP2";6;"MSC100";3;0,000755647
"MAP2";6;"AC0";1;0,0012915626
"MAP2";6;"AC0";2;0,0012737813
"MAP2";6;"AC0";3;0,001147996
"MAP2";6;"AC50";1;0,0004182539
"MAP2";6;"AC50";2;0,0004068167
"MAP2";6;"AC50";3;0,0004871544
"MAP2";6;"AC100";1;0,0005137426
"MAP2";6;"AC100";2;0,0005779905
"MAP2";6;"AC100";3;0,0005860589
"SOX2";7;"MSC0";1;8,24486953075281e-07
"SOX2";7;"MSC0";2;NA
"SOX2";7;"MSC0";3;4,50512947627843e-06
"SOX2";7;"MSC50";1;NA
"SOX2";7;"MSC50";2;3,29033673092725e-06
"SOX2";7;"MSC50";3;2,511e-06
"SOX2";7;"MSC100";1;7,17757581429992e-07
"SOX2";7;"MSC100";2;2,7350525818173e-06
"SOX2";7;"MSC100";3;2,237e-06
"SOX2";7;"AC0";1;NA
"SOX2";7;"AC0";2;4,37340844604717e-08
"SOX2";7;"AC0";3;8,42631531329613e-06
"SOX2";7;"AC50";1;1,53e-07
"SOX2";7;"AC50";2;1,62627199510184e-06
"SOX2";7;"AC50";3;3,438e-06
"SOX2";7;"AC100";1;1,324e-06
"SOX2";7;"AC100";2;5,48275840217179e-06
"SOX2";7;"AC100";3;2,02076548454151e-06
"SOX2";8;"MSC0";1;8,948e-06
"SOX2";8;"MSC0";2;3,89485216410521e-06
"SOX2";8;"MSC0";3;NA
"SOX2";8;"MSC50";1;1,95193079375606e-06
"SOX2";8;"MSC50";2;NA
"SOX2";8;"MSC50";3;1,40922493037189e-06
"SOX2";8;"MSC100";1;NA
"SOX2";8;"MSC100";2;3,90386158751211e-06
"SOX2";8;"MSC100";3;1,84663905331208e-06
"SOX2";8;"AC0";1;3,61727154226111e-06
"SOX2";8;"AC0";2;4,24246248562575e-06
"SOX2";8;"AC0";3;1,83388338562518e-06
"SOX2";8;"AC50";1;3,54282917037409e-06
"SOX2";8;"AC50";2;3,719e-06
"SOX2";8;"AC50";3;2,74504537630077e-07
"SOX2";8;"AC100";1;3,149e-06
"SOX2";8;"AC100";2;2,00680703773636e-06
"SOX2";8;"AC100";3;1,34248121646308e-06
"SOX2";9;"MSC0";1;5,01701759434087e-07
"SOX2";9;"MSC0";2;NA
"SOX2";9;"MSC0";3;7,91671492889212e-06
"SOX2";9;"MSC50";1;NA
"SOX2";9;"MSC50";2;9,49277571776609e-07
"SOX2";9;"MSC50";3;2,799e-06
"SOX2";9;"MSC100";1;1,95193079375606e-06
"SOX2";9;"MSC100";2;NA
"SOX2";9;"MSC100";3;NA
"SOX2";9;"AC0";1;NA
"SOX2";9;"AC0";2;2,68757895994919e-05
"SOX2";9;"AC0";3;NA
"SOX2";9;"AC50";1;3,08421192993112e-06
"SOX2";9;"AC50";2;2,55779723692595e-06
"SOX2";9;"AC50";3;2,77964742864026e-06
"SOX2";9;"AC100";1;1,09548411845878e-06
"SOX2";9;"AC100";2;2,01879814234383e-07
"SOX2";9;"AC100";3;1,58180150187386e-06
"MYT1L";7;"MSC0";1;2,68234845325663e-07
"MYT1L";7;"MSC0";2;5,18195563567189e-07
"MYT1L";7;"MSC0";3;8,60648867799342e-08
"MYT1L";7;"MSC50";1;4,82377739096605e-07
"MYT1L";7;"MSC50";2;4,53810951749168e-08
"MYT1L";7;"MSC50";3;3,07409836873908e-07
"MYT1L";7;"MSC100";1;4,48e-07
"MYT1L";7;"MSC100";2;1,15949505259071e-07
"MYT1L";7;"MSC100";3;8,41811176577239e-07
"MYT1L";7;"AC0";1;3,7e-08
"MYT1L";7;"AC0";2;1,25425439858522e-07
"MYT1L";7;"AC0";3;NA
"MYT1L";7;"AC50";1;2,52e-07
"MYT1L";7;"AC50";2;4,67648564515561e-08
"MYT1L";7;"AC50";3;5,44e-07
"MYT1L";7;"AC100";1;2,21426823148381e-07
"MYT1L";7;"AC100";2;NA
"MYT1L";7;"AC100";3;1,51441236163406e-08
"MYT1L";8;"MSC0";1;3,44719941587833e-08
"MYT1L";8;"MSC0";2;2,66382011907631e-07
"MYT1L";8;"MSC0";3;NA
"MYT1L";8;"MSC50";1;5,57417421251727e-08
"MYT1L";8;"MSC50";2;NA
"MYT1L";8;"MSC50";3;1,59862327307872e-07
"MYT1L";8;"MSC100";1;1,1686977792064e-06
"MYT1L";8;"MSC100";2;5,19394233771614e-07
"MYT1L";8;"MSC100";3;NA
"MYT1L";8;"AC0";1;5,12243579870839e-07
"MYT1L";8;"AC0";2;1,08290141017044e-06
"MYT1L";8;"AC0";3;NA
"MYT1L";8;"AC50";1;NA
"MYT1L";8;"AC50";2;3,43130672037596e-08
"MYT1L";8;"AC50";3;9,97805133984626e-08
"MYT1L";8;"AC100";1;3,62695310613691e-08
"MYT1L";8;"AC100";2;NA
"MYT1L";8;"AC100";3;NA
"MYT1L";9;"MSC0";1;NA
"MYT1L";9;"MSC0";2;NA
"MYT1L";9;"MSC0";3;NA
"MYT1L";9;"MSC50";1;3,90908240504394e-07
"MYT1L";9;"MSC50";2;3,47455928580034e-07
"MYT1L";9;"MSC50";3;4,10342901823201e-07
"MYT1L";9;"MSC100";1;9,69223911445798e-07
"MYT1L";9;"MSC100";2;1,52087533644332e-06
"MYT1L";9;"MSC100";3;1,73727964290016e-07
"MYT1L";9;"AC0";1;NA
"MYT1L";9;"AC0";2;3,01083433912192e-07
"MYT1L";9;"AC0";3;1,6544e-05
"MYT1L";9;"AC50";1;8,4017286229566e-09
"MYT1L";9;"AC50";2;2,45688443262409e-07
"MYT1L";9;"AC50";3;3,52306232592971e-07
"MYT1L";9;"AC100";1;2,8e-08
"MYT1L";9;"AC100";2;4,06567998775462e-07
"MYT1L";9;"AC100";3;1,81944275970526e-07
"POU3F2";7;"MSC0";1;4,49911260159638e-05
"POU3F2";7;"MSC0";2;3,20348109015828e-05
"POU3F2";7;"MSC0";3;3,18135302991065e-05
"POU3F2";7;"MSC50";1;2,65057826621013e-05
"POU3F2";7;"MSC50";2;4,10194213743109e-05
"POU3F2";7;"MSC50";3;4,45772352481101e-05
"POU3F2";7;"MSC100";1;3,6544149921232e-05
"POU3F2";7;"MSC100";2;4,43717198889255e-05
"POU3F2";7;"MSC100";3;4,28602562175902e-05
"POU3F2";7;"AC0";1;3,16668597155685e-05
"POU3F2";7;"AC0";2;4,7666437587582e-05
"POU3F2";7;"AC0";3;4,32582051764605e-05
"POU3F2";7;"AC50";1;2,76952867223254e-05
"POU3F2";7;"AC50";2;3,03067778148509e-05
"POU3F2";7;"AC50";3;2,6383582498409e-05
"POU3F2";7;"AC100";1;4,70101996555649e-05
"POU3F2";7;"AC100";2;5,90924497059865e-05
"POU3F2";7;"AC100";3;4,44743588582442e-05
"POU3F2";8;"MSC0";1;7,7793e-05
"POU3F2";8;"MSC0";2;8,81304440626523e-05
"POU3F2";8;"MSC0";3;9,8467e-05
"POU3F2";8;"MSC50";1;2,04623778954077e-05
"POU3F2";8;"MSC50";2;3,01670538437774e-05
"POU3F2";8;"MSC50";3;2,30213718681371e-05
"POU3F2";8;"MSC100";1;1,58334298577842e-05
"POU3F2";8;"MSC100";2;3,2332247752664e-05
"POU3F2";8;"MSC100";3;3,39396998850058e-05
"POU3F2";8;"AC0";1;1,22516308878079e-05
"POU3F2";8;"AC0";2;1,48758675494726e-05
"POU3F2";8;"AC0";3;2,1931e-05
"POU3F2";8;"AC50";1;2,60805412068145e-05
"POU3F2";8;"AC50";2;2,0321e-05
"POU3F2";8;"AC50";3;1,15106859340686e-05
"POU3F2";8;"AC100";1;3,46528451254541e-05
"POU3F2";8;"AC100";2;2,3999e-05
"POU3F2";8;"AC100";3;2,53673674359981e-05
"POU3F2";9;"MSC0";1;5,10876228600129e-05
"POU3F2";9;"MSC0";2;5,82789064886729e-05
"POU3F2";9;"MSC0";3;5,18007794988478e-05
"POU3F2";9;"MSC50";1;3,18871201434592e-05
"POU3F2";9;"MSC50";2;3,87171781562784e-05
"POU3F2";9;"MSC50";3;6,37742402869184e-05
"POU3F2";9;"MSC100";1;4,90065235512314e-05
"POU3F2";9;"MSC100";2;6,64824619227669e-05
"POU3F2";9;"MSC100";3;7,58407803030966e-05
"POU3F2";9;"AC0";1;5,97208722152024e-06
"POU3F2";9;"AC0";2;1,07646927422947e-05
"POU3F2";9;"AC0";3;1,39117811364474e-05
"POU3F2";9;"AC50";1;6,16018555427169e-05
"POU3F2";9;"AC50";2;3,30116170068392e-05
"POU3F2";9;"AC50";3;4,54088596773204e-05
"POU3F2";9;"AC100";1;3,5055491790681e-05
"POU3F2";9;"AC100";2;3,20348109015829e-05
"POU3F2";9;"AC100";3;4,82202949135363e-05
"GJB2";10;"MSC0";1;2,27873827964023e-06
"GJB2";10;"MSC0";2;1,62035187372186e-05
"GJB2";10;"MSC0";3;4,31163554867994e-06
"GJB2";10;"MSC50";1;1,7896e-05
"GJB2";10;"MSC50";2;4,53646512986268e-06
"GJB2";10;"MSC50";3;8,76387294767027e-06
"GJB2";10;"MSC100";1;5,02190673615889e-06
"GJB2";10;"MSC100";2;1,02548553435777e-05
"GJB2";10;"MSC100";3;1,96742295599301e-05
"GJB2";10;"AC0";1;0,0003525218
"GJB2";10;"AC0";2;0,0003778235
"GJB2";10;"AC0";3;0,0004049412
"GJB2";10;"AC50";1;5,56471245457897e-05
"GJB2";10;"AC50";2;0,0001038412
"GJB2";10;"AC50";3;7,19157189235884e-05
"GJB2";10;"AC100";1;8,41506145621202e-05
"GJB2";10;"AC100";2;0,0001778974
"GJB2";10;"AC100";3;7,58407803030966e-05
"GJB2";11;"MSC0";1;1,58334298577842e-05
"GJB2";11;"MSC0";2;2,33427382434691e-05
"GJB2";11;"MSC0";3;2,55438114300064e-05
"GJB2";11;"MSC50";1;2,27569488594113e-05
"GJB2";11;"MSC50";2;1,8104e-05
"GJB2";11;"MSC50";3;1,83567052624835e-05
"GJB2";11;"MSC100";1;5,95830469844776e-06
"GJB2";11;"MSC100";2;2,77964742864026e-06
"GJB2";11;"MSC100";3;4,12645212585489e-06
"GJB2";11;"AC0";1;0,0003040648
"GJB2";11;"AC0";2;0,000160701
"GJB2";11;"AC0";3;0,0001332725
"GJB2";11;"AC50";1;4,91198835715278e-05
"GJB2";11;"AC50";2;0,0001305298
"GJB2";11;"AC50";3;2,8212e-05
"GJB2";11;"AC100";1;4,40652220313263e-05
"GJB2";11;"AC100";2;4,6256e-05
"GJB2";11;"AC100";3;4,65777346484546e-05
"GJB2";12;"MSC0";1;3,33181233084301e-05
"GJB2";12;"MSC0";2;1,71274116258144e-05
"GJB2";12;"MSC0";3;3,1740110287124e-05
"GJB2";12;"MSC50";1;2,20326110156631e-05
"GJB2";12;"MSC50";2;8,40686886502542e-06
"GJB2";12;"MSC50";3;2,15791864375777e-05
"GJB2";12;"MSC100";1;5,16309175162219e-06
"GJB2";12;"MSC100";2;2,76683236201435e-06
"GJB2";12;"MSC100";3;1,34558659278683e-06
"GJB2";12;"AC0";1;0,0001112942
"GJB2";12;"AC0";2;0,0001489036
"GJB2";12;"AC0";3;0,0001305298
"GJB2";12;"AC50";1;5,59048639080964e-05
"GJB2";12;"AC50";2;3,6124404559016e-05
"GJB2";12;"AC50";3;5,28892239894083e-05
"GJB2";12;"AC100";1;5,60341809060804e-05
"GJB2";12;"AC100";2;6,48140749488744e-05
"GJB2";12;"AC100";3;7,19157189235883e-05
"GJD2";10;"MSC0";1;NA
"GJD2";10;"MSC0";2;3,5805056181783e-07
"GJD2";10;"MSC0";3;3,65573965232275e-07
"GJD2";10;"MSC50";1;1,11850256846608e-06
"GJD2";10;"MSC50";2;1,77961920077668e-06
"GJD2";10;"MSC50";3;NA
"GJD2";10;"MSC100";1;3,50681987806787e-07
"GJD2";10;"MSC100";2;NA
"GJD2";10;"MSC100";3;1,90294680886655e-06
"GJD2";10;"AC0";1;7,27777103882102e-07
"GJD2";10;"AC0";2;4,54253195783586e-07
"GJD2";10;"AC0";3;1,03639112713438e-06
"GJD2";10;"AC50";1;2,80920777045268e-07
"GJD2";10;"AC50";2;1,62251884641811e-06
"GJD2";10;"AC50";3;2,44555740698343e-07
"GJD2";10;"AC100";1;2,52258328651913e-06
"GJD2";10;"AC100";2;2,59697116885808e-07
"GJD2";10;"AC100";3;1,419e-06
"GJD2";11;"MSC0";1;2,22669182540316e-06
"GJD2";11;"MSC0";2;7,5e-07
"GJD2";11;"MSC0";3;NA
"GJD2";11;"MSC50";1;8,63480340298024e-07
"GJD2";11;"MSC50";2;5,98e-07
"GJD2";11;"MSC50";3;6,49875486843502e-07
"GJD2";11;"MSC100";1;5,72323163349757e-07
"GJD2";11;"MSC100";2;5,26644707081008e-07
"GJD2";11;"MSC100";3;NA
"GJD2";11;"AC0";1;NA
"GJD2";11;"AC0";2;1,01407427901132e-07
"GJD2";11;"AC0";3;4,05629711604526e-07
"GJD2";11;"AC50";1;1,01976394518064e-06
"GJD2";11;"AC50";2;7,83624949060241e-07
"GJD2";11;"AC50";3;3,50681987806785e-07
"GJD2";11;"AC100";1;5,51551906540532e-07
"GJD2";11;"AC100";2;1,12778859940242e-07
"GJD2";11;"AC100";3;3,10679006827213e-08
"GJD2";12;"MSC0";1;NA
"GJD2";12;"MSC0";2;NA
"GJD2";12;"MSC0";3;NA
"GJD2";12;"MSC50";1;1,32447880680348e-08
"GJD2";12;"MSC50";2;NA
"GJD2";12;"MSC50";3;8,08599190382761e-08
"GJD2";12;"MSC100";1;9,52745854523932e-08
"GJD2";12;"MSC100";2;NA
"GJD2";12;"MSC100";3;8,69486321027964e-07
"GJD2";12;"AC0";1;4,78405917949777e-06
"GJD2";12;"AC0";2;1,38156854447684e-05
"GJD2";12;"AC0";3;6,35651156559687e-06
"GJD2";12;"AC50";1;1,11483484250346e-07
"GJD2";12;"AC50";2;3,99122053593852e-07
"GJD2";12;"AC50";3;1,15414940832006e-07
"GJD2";12;"AC100";1;NA
"GJD2";12;"AC100";2;1,05e-07
"GJD2";12;"AC100";3;7,06242347853931e-07
"GJA4";10;"MSC0";1;0,0002978073
"GJA4";10;"MSC0";2;0,0002539209
"GJA4";10;"MSC0";3;0,0004068167
"GJA4";10;"MSC50";1;0,000109256
"GJA4";10;"MSC50";2;0,0001837459
"GJA4";10;"MSC50";3;0,000258061
"GJA4";10;"MSC100";1;0,0003590984
"GJA4";10;"MSC100";2;0,0002304381
"GJA4";10;"MSC100";3;0,0003848721
"GJA4";10;"AC0";1;0,0002262178
"GJA4";10;"AC0";2;0,0003405136
"GJA4";10;"AC0";3;0,0003047682
"GJA4";10;"AC50";1;0,0001618188
"GJA4";10;"AC50";2;0,0001686905
"GJA4";10;"AC50";3;0,0003444702
"GJA4";10;"AC100";1;0,0002086443
"GJA4";10;"AC100";2;0,000200145
"GJA4";10;"AC100";3;0,0001867419
"GJA4";11;"MSC0";1;0,0004058779
"GJA4";11;"MSC0";2;0,0004472389
"GJA4";11;"MSC0";3;0,000408701
"GJA4";11;"MSC50";1;0,0001884758
"GJA4";11;"MSC50";2;0,0002272656
"GJA4";11;"MSC50";3;9,68872712382934e-05
"GJA4";11;"MSC100";1;0,0002677795
"GJA4";11;"MSC100";2;0,0002772228
"GJA4";11;"MSC100";3;0,0002145101
"GJA4";11;"AC0";1;0,0001992223
"GJA4";11;"AC0";2;0,0001652189
"GJA4";11;"AC0";3;0,0001897867
"GJA4";11;"AC50";1;0,000266545
"GJA4";11;"AC50";2;0,0003169772
"GJA4";11;"AC50";3;0,0003615961
"GJA4";11;"AC100";1;0,0001170977
"GJA4";11;"AC100";2;0,0002690198
"GJA4";11;"AC100";3;0,000153444
"GJA4";12;"MSC0";1;0,0004705601
"GJA4";12;"MSC0";2;0,0004330036
"GJA4";12;"MSC0";3;0,0006081297
"GJA4";12;"MSC50";1;0,0004340052
"GJA4";12;"MSC50";2;0,0003476685
"GJA4";12;"MSC50";3;0,000541782
"GJA4";12;"MSC100";1;0,0004804476
"GJA4";12;"MSC100";2;0,0006295753
"GJA4";12;"MSC100";3;0,0004905428
"GJA4";12;"AC0";1;0,0003615961
"GJA4";12;"AC0";2;0,0002402238
"GJA4";12;"AC0";3;0,0002647038
"GJA4";12;"AC50";1;0,0002696421
"GJA4";12;"AC50";2;0,000327398
"GJA4";12;"AC50";3;0,0003033631
"GJA4";12;"AC100";1;0,0006295753
"GJA4";12;"AC100";2;0,0005713517
"GJA4";12;"AC100";3;0,0003822136
"GJA5";13;"MSC0";1;0,0002810926
"GJA5";13;"MSC0";2;0,000370904
"GJA5";13;"MSC0";3;0,0003118918
"GJA5";13;"MSC50";1;0,000185881
"GJA5";13;"MSC50";2;0,0002062478
"GJA5";13;"MSC50";3;0,0001722351
"GJA5";13;"MSC100";1;0,000205297
"GJA5";13;"MSC100";2;0,0002293757
"GJA5";13;"MSC100";3;0,000205297
"GJA5";13;"AC0";1;5,90349194924313e-06
"GJA5";13;"AC0";2;9,19958364632232e-06
"GJA5";13;"AC0";3;3,12e-06
"GJA5";13;"AC50";1;8,1017593686093e-06
"GJA5";13;"AC50";2;1,093e-06
"GJA5";13;"AC50";3;3,94010816631084e-06
"GJA5";13;"AC100";1;5,94455398300553e-06
"GJA5";13;"AC100";2;2,32888673242273e-05
"GJA5";13;"AC100";3;1,19718032515984e-05
"GJA5";14;"MSC0";1;0,0002715176
"GJA5";14;"MSC0";2;0,000251585
"GJA5";14;"MSC0";3;0,0002331156
"GJA5";14;"MSC50";1;0,0001302285
"GJA5";14;"MSC50";2;0,0001614453
"GJA5";14;"MSC50";3;0,000163699
"GJA5";14;"MSC100";1;0,0003118918
"GJA5";14;"MSC100";2;0,0002830478
"GJA5";14;"MSC100";3;0,0003413013
"GJA5";14;"AC0";1;5,43232038725689e-06
"GJA5";14;"AC0";2;1,65822580341501e-05
"GJA5";14;"AC0";3;7,0204746294012e-06
"GJA5";14;"AC50";1;2,5573337849974e-05
"GJA5";14;"AC50";2;1,82088583836628e-05
"GJA5";14;"AC50";3;1,34223796985235e-05
"GJA5";14;"AC100";1;2,00412682476563e-05
"GJA5";14;"AC100";2;6,52013530170364e-06
"GJA5";14;"AC100";3;1,3131e-05
"GJA5";15;"MSC0";1;0,0005101939
"GJA5";15;"MSC0";2;0,0006368907
"GJA5";15;"MSC0";3;0,0004566364
"GJA5";15;"MSC50";1;0,0001198347
"GJA5";15;"MSC50";2;0,000129329
"GJA5";15;"MSC50";3;0,000153799
"GJA5";15;"MSC100";1;0,0002604571
"GJA5";15;"MSC100";2;0,0002130284
"GJA5";15;"MSC100";3;0,0002331156
"GJA5";15;"AC0";1;4,33582684060356e-05
"GJA5";15;"AC0";2;1,92693397703803e-05
"GJA5";15;"AC0";3;1,98110746484616e-05
"GJA5";15;"AC50";1;3,32856860214548e-06
"GJA5";15;"AC50";2;9,285e-06
"GJA5";15;"AC50";3;9,09391741579885e-06
"GJA5";15;"AC100";1;2,34508542066652e-05
"GJA5";15;"AC100";2;2,28095893651571e-05
"GJA5";15;"AC100";3;3,03067778148509e-05
"GJA1";13;"MSC0";1;0,4976948396
"GJA1";13;"MSC0";2;0,6042985282
"GJA1";13;"MSC0";3;0,6751749731
"GJA1";13;"MSC50";1;0,2786771591
"GJA1";13;"MSC50";2;0,3913867081
"GJA1";13;"MSC50";3;0,3780546401
"GJA1";13;"MSC100";1;0,4175439597
"GJA1";13;"MSC100";2;0,3056600694
"GJA1";13;"MSC100";3;0,3685673043
"GJA1";13;"AC0";1;0,0994420605
"GJA1";13;"AC0";2;0,0877778047
"GJA1";13;"AC0";3;0,0947322854
"GJA1";13;"AC50";1;0,0573790012
"GJA1";13;"AC50";2;0,0546614169
"GJA1";13;"AC50";3;0,040855289
"GJA1";13;"AC100";1;0,0547878576
"GJA1";13;"AC100";2;0,0544094102
"GJA1";13;"AC100";3;0,0717936472
"GJA1";14;"MSC0";1;0,7491535384
"GJA1";14;"MSC0";2;0,6521760349
"GJA1";14;"MSC0";3;0,5446243281
"GJA1";14;"MSC50";1;0,4243519857
"GJA1";14;"MSC50";2;0,4976948396
"GJA1";14;"MSC50";3;0,4942570102
"GJA1";14;"MSC100";1;0,3063671106
"GJA1";14;"MSC100";2;0,5224385764
"GJA1";14;"MSC100";3;0,5152460102
"GJA1";14;"AC0";1;0,1560413186
"GJA1";14;"AC0";2;0,1051120519
"GJA1";14;"AC0";3;0,0967228121
"GJA1";14;"AC50";1;0,1122665466
"GJA1";14;"AC50";2;0,0924617193
"GJA1";14;"AC50";3;0,0950611721
"GJA1";14;"AC100";1;0,099672086
"GJA1";14;"AC100";2;0,0949514165
"GJA1";14;"AC100";3;0,0936441923
"GJA1";15;"MSC0";1;0,2242738522
"GJA1";15;"MSC0";2;0,2979894859
"GJA1";15;"MSC0";3;0,2704311665
"GJA1";15;"MSC50";1;0,4014614409
"GJA1";15;"MSC50";2;0,4741230156
"GJA1";15;"MSC50";3;0,4611580968
"GJA1";15;"MSC100";1;0,2667080607
"GJA1";15;"MSC100";2;0,2959311221
"GJA1";15;"MSC100";3;0,2305790484
"GJA1";15;"AC0";1;0,1139653111
"GJA1";15;"AC0";2;0,1422663793
"GJA1";15;"AC0";3;0,15247733
"GJA1";15;"AC50";1;0,0803996668
"GJA1";15;"AC50";2;0,1010634565
"GJA1";15;"AC50";3;0,1017664085
"GJA1";15;"AC100";1;0,1339716828
"GJA1";15;"AC100";2;0,2016604398
"GJA1";15;"AC100";3;0,1476240827
"GJC1";13;"MSC0";1;0,0041385277
"GJC1";13;"MSC0";2;0,0060591592
"GJC1";13;"MSC0";3;0,0057721853
"GJC1";13;"MSC50";1;0,0059895638
"GJC1";13;"MSC50";2;0,0051424325
"GJC1";13;"MSC50";3;0,0033927402
"GJC1";13;"MSC100";1;0,0063457218
"GJC1";13;"MSC100";2;0,0043342558
"GJC1";13;"MSC100";3;0,0050833666
"GJC1";13;"AC0";1;0,0015323908
"GJC1";13;"AC0";2;0,0014904875
"GJC1";13;"AC0";3;0,0015112939
"GJC1";13;"AC50";1;0,0007231922
"GJC1";13;"AC50";2;0,0007804894
"GJC1";13;"AC50";3;0,0007697442
"GJC1";13;"AC100";1;0,000553166
"GJC1";13;"AC100";2;0,0009238844
"GJC1";13;"AC100";3;0,0008801274
"GJC1";14;"MSC0";1;0,0036027976
"GJC1";14;"MSC0";2;0,0059344635
"GJC1";14;"MSC0";3;0,0054230994
"GJC1";14;"MSC50";1;0,0037040861
"GJC1";14;"MSC50";2;0,004225487
"GJC1";14;"MSC50";3;0,0041673134
"GJC1";14;"MSC100";1;0,006912069
"GJC1";14;"MSC100";2;0,0044974823
"GJC1";14;"MSC100";3;0,0054608201
"GJC1";14;"AC0";1;0,0023879693
"GJC1";14;"AC0";2;0,0026313156
"GJC1";14;"AC0";3;0,0025771639
"GJC1";14;"AC50";1;0,000889326
"GJC1";14;"AC50";2;0,0010215673
"GJC1";14;"AC50";3;0,0020860653
"GJC1";14;"AC100";1;0,0010860704
"GJC1";14;"AC100";2;0,0010063399
"GJC1";14;"AC100";3;0,0010860704
"GJC1";15;"MSC0";1;0,0036785001
"GJC1";15;"MSC0";2;0,0053114936
"GJC1";15;"MSC0";3;0,005348438
"GJC1";15;"MSC50";1;0,0034800731
"GJC1";15;"MSC50";2;0,0044355642
"GJC1";15;"MSC50";3;0,0038613829
"GJC1";15;"MSC100";1;0,0035286531
"GJC1";15;"MSC100";2;0,003071871
"GJC1";15;"MSC100";3;0,0038347104
"GJC1";15;"AC0";1;0,0033229186
"GJC1";15;"AC0";2;0,0021176306
"GJC1";15;"AC0";3;0,0025534556
"GJC1";15;"AC50";1;0,0008230874
"GJC1";15;"AC50";2;0,0011012314
"GJC1";15;"AC50";3;0,0014733678
"GJC1";15;"AC100";1;0,0013620544
"GJC1";15;"AC100";2;0,0014297712
"GJC1";15;"AC100";3;0,0013065699
"ENG";16;"MSC0";1;0,3486859166
"ENG";16;"MSC0";2;0,6070974422
"ENG";16;"MSC0";3;0,4061261982
"ENG";16;"MSC50";1;0,3719893785
"ENG";16;"MSC50";2;0,279967901
"ENG";16;"MSC50";3;0,2819152318
"ENG";16;"MSC100";1;0,2576230051
"ENG";16;"MSC100";2;0,2196583631
"ENG";16;"MSC100";3;0,3021492641
"ENG";16;"AC0";1;0,0226658907
"ENG";16;"AC0";2;0,0221994334
"ENG";16;"AC0";3;0,026217368
"ENG";16;"AC50";1;0,1027112893
"ENG";16;"AC50";2;0,1864249251
"ENG";16;"AC50";3;0,0938608065
"ENG";16;"AC100";1;0,0881843629
"ENG";16;"AC100";2;0,0677641794
"ENG";16;"AC100";3;0,0789272157
"ENG";17;"MSC0";1;0,2761135002
"ENG";17;"MSC0";2;0,3106438361
"ENG";17;"MSC0";3;0,2612192882
"ENG";17;"MSC50";1;0,2819152318
"ENG";17;"MSC50";2;0,3694198601
"ENG";17;"MSC50";3;2,5198420998
"ENG";17;"MSC100";1;0,2606164402
"ENG";17;"MSC100";2;0,3298769777
"ENG";17;"MSC100";3;0,3535533906
"ENG";17;"AC0";1;0,0994420605
"ENG";17;"AC0";2;0,1528300347
"ENG";17;"AC0";3;0,093428078
"ENG";17;"AC50";1;0,0656072927
"ENG";17;"AC50";2;0,1080671539
"ENG";17;"AC50";3;0,0547878576
"ENG";17;"AC100";1;0,1560413186
"ENG";17;"AC100";2;0,125
"ENG";17;"AC100";3;0,1988841209
"ENG";18;"MSC0";1;0,4579726451
"ENG";18;"MSC0";2;0,559935802
"ENG";18;"MSC0";3;1,4983070769
"ENG";18;"MSC50";1;0,2305790484
"ENG";18;"MSC50";2;0,1676277997
"ENG";18;"MSC50";3;0,2819152318
"ENG";18;"MSC100";1;0,1842836522
"ENG";18;"MSC100";2;0,1684041971
"ENG";18;"MSC100";3;0,1466043687
"ENG";18;"AC0";1;0,1687937433
"ENG";18;"AC0";2;0,1574901312
"ENG";18;"AC0";3;0,1676277997
"ENG";18;"AC50";1;0,0674517648
"ENG";18;"AC50";2;0,0921418261
"ENG";18;"AC50";3;0,0625
"ENG";18;"AC100";1;0,1088188204
"ENG";18;"AC100";2;0,1285142283
"ENG";18;"AC100";3;0,0830428634
